SlNo,State_Code,State,District_Key,District,Confirmed,Active,Recovered,Deceased,Migrated_Other,Delta_Confirmed,Delta_Active,Delta_Recovered,Delta_Deceased,District_Notes,Last_Updated
0,AP,Andhra Pradesh,AP_Andhra Pradesh,Anantapur,159726,1250,157383,1093,0,212,175,37,0,0.0,2022-01-15 23:55:24.451285
1,AP,Andhra Pradesh,AP_Andhra Pradesh,Chittoor,253978,4991,247028,1959,0,1039,971,68,0,0.0,2022-01-15 23:55:24.451285
2,AP,Andhra Pradesh,AP_Andhra Pradesh,East Godavari,296837,1714,293833,1290,0,303,296,7,0,0.0,2022-01-15 23:55:24.451285
3,AP,Andhra Pradesh,AP_Andhra Pradesh,Guntur,181250,1610,178380,1260,0,326,251,75,0,0.0,2022-01-15 23:55:24.451285
4,AP,Andhra Pradesh,AP_Andhra Pradesh,Krishna,122390,1600,119308,1482,0,203,179,24,0,0.0,2022-01-15 23:55:24.451285
5,AP,Andhra Pradesh,AP_Andhra Pradesh,Kurnool,125189,881,123454,854,0,323,308,15,0,0.0,2022-01-15 23:55:24.451285
6,AP,Andhra Pradesh,AP_Andhra Pradesh,Other Countries,434,0,434,0,0,0,0,0,0,0.0,2022-01-15 23:55:24.451285
7,AP,Andhra Pradesh,AP_Andhra Pradesh,Other States,2461,0,2461,0,0,0,0,0,0,0.0,2022-01-15 23:55:24.451285
8,AP,Andhra Pradesh,AP_Andhra Pradesh,Prakasam,139528,640,137757,1131,0,190,174,16,0,0.0,2022-01-15 23:55:24.451285
9,AP,Andhra Pradesh,AP_Andhra Pradesh,S.P.S. Nellore,148902,1691,146151,1060,0,397,383,14,0,0.0,2022-01-15 23:55:24.451285
10,AP,Andhra Pradesh,AP_Andhra Pradesh,Srikakulam,125220,1456,122970,794,0,243,234,9,0,0.0,2022-01-15 23:55:24.451285
11,AP,Andhra Pradesh,AP_Andhra Pradesh,Visakhapatnam,163877,4692,158042,1143,0,1103,1034,69,0,0.0,2022-01-15 23:55:24.451285
12,AP,Andhra Pradesh,AP_Andhra Pradesh,Vizianagaram,84288,1070,82545,673,0,184,170,14,0,0.0,2022-01-15 23:55:24.451285
13,AP,Andhra Pradesh,AP_Andhra Pradesh,West Godavari,180643,380,179137,1126,0,55,35,19,1,0.0,2022-01-15 23:55:24.451285
14,AP,Andhra Pradesh,AP_Andhra Pradesh,Y.S.R. Kadapa,116987,895,115448,644,0,377,347,30,0,0.0,2022-01-15 23:55:24.451285
15,AR,Arunachal Pradesh,AR_Arunachal Pradesh,Anjaw,1070,2,1065,3,0,2,2,0,0,0.0,2022-01-15 23:55:30.217402
16,AR,Arunachal Pradesh,AR_Arunachal Pradesh,Changlang,3896,82,3792,22,0,24,22,2,0,0.0,2022-01-15 23:55:30.217424
17,AR,Arunachal Pradesh,AR_Arunachal Pradesh,East Kameng,1099,5,1094,0,0,3,3,0,0,0.0,2022-01-15 23:55:30.217428
18,AR,Arunachal Pradesh,AR_Arunachal Pradesh,East Siang,3258,31,3210,17,0,7,5,2,0,0.0,2022-01-15 23:55:30.217427
19,AR,Arunachal Pradesh,AR_Arunachal Pradesh,Kamle,513,1,512,0,0,0,0,0,0,0.0,2022-01-15 23:55:30.217430
20,AR,Arunachal Pradesh,AR_Arunachal Pradesh,Kra Daadi,270,0,270,0,0,0,0,0,0,0.0,2022-01-15 23:55:30.217433
21,AR,Arunachal Pradesh,AR_Arunachal Pradesh,Kurung Kumey,513,2,510,1,0,0,0,0,0,0.0,2022-01-15 23:55:30.217434
22,AR,Arunachal Pradesh,AR_Arunachal Pradesh,Lepa Rada,882,5,874,3,0,2,1,1,0,0.0,2022-01-15 23:55:30.217436
23,AR,Arunachal Pradesh,AR_Arunachal Pradesh,Lohit,2977,69,2881,27,0,14,8,6,0,0.0,2022-01-15 23:55:30.217438
24,AR,Arunachal Pradesh,AR_Arunachal Pradesh,Longding,754,2,750,2,0,0,0,0,0,0.0,2022-01-15 23:55:30.217439
25,AR,Arunachal Pradesh,AR_Arunachal Pradesh,Lower Dibang Valley,2511,69,2431,11,0,27,23,4,0,0.0,2022-01-15 23:55:30.217440
26,AR,Arunachal Pradesh,AR_Arunachal Pradesh,Lower Siang,755,17,730,8,0,0,0,0,0,0.0,2022-01-15 23:55:30.217442
27,AR,Arunachal Pradesh,AR_Arunachal Pradesh,Lower Subansiri,3069,29,3025,15,0,15,15,0,0,0.0,2022-01-15 23:55:30.217443
28,AR,Arunachal Pradesh,AR_Arunachal Pradesh,Namsai,2206,57,2132,17,0,11,11,0,0,0.0,2022-01-15 23:55:30.217444
29,AR,Arunachal Pradesh,AR_Arunachal Pradesh,Pakke Kessang,456,3,453,0,0,0,0,0,0,0.0,2022-01-15 23:55:30.217446
30,AR,Arunachal Pradesh,AR_Arunachal Pradesh,Papum Pare,18841,441,18302,98,0,105,89,16,0,0.0,2022-01-15 23:55:30.217421
31,AR,Arunachal Pradesh,AR_Arunachal Pradesh,Shi Yomi,267,0,267,0,0,0,0,0,0,0.0,2022-01-15 23:55:30.217447
32,AR,Arunachal Pradesh,AR_Arunachal Pradesh,Siang,416,1,412,3,0,0,0,0,0,0.0,2022-01-15 23:55:30.217448
33,AR,Arunachal Pradesh,AR_Arunachal Pradesh,Tawang,2659,50,2589,20,0,5,5,0,0,0.0,2022-01-15 23:55:30.217450
34,AR,Arunachal Pradesh,AR_Arunachal Pradesh,Tirap,1116,5,1106,5,0,2,1,1,0,0.0,2022-01-15 23:55:30.217451
35,AR,Arunachal Pradesh,AR_Arunachal Pradesh,Upper Dibang Valley,337,0,335,2,0,0,0,0,0,0.0,2022-01-15 23:55:30.217425
36,AR,Arunachal Pradesh,AR_Arunachal Pradesh,Upper Siang,1023,4,1018,1,0,1,1,0,0,0.0,2022-01-15 23:55:30.217452
37,AR,Arunachal Pradesh,AR_Arunachal Pradesh,Upper Subansiri,1960,1,1953,6,0,0,0,0,0,0.0,2022-01-15 23:55:30.217454
38,AR,Arunachal Pradesh,AR_Arunachal Pradesh,West Kameng,3741,155,3571,15,0,44,43,1,0,0.0,2022-01-15 23:55:30.217455
39,AR,Arunachal Pradesh,AR_Arunachal Pradesh,West Siang,1904,39,1859,6,0,4,4,0,0,0.0,2022-01-15 23:55:30.217456
40,AS,Assam,AS_Assam,Airport Quarantine,0.0,0,0.0,0.0,0,0.0,0.0,0.0,0.0,0.0,2022-01-16 11:55:21.722648
41,AS,Assam,AS_Assam,Baksa,0.0,0,0.0,0.0,0,0.0,0.0,0.0,0.0,0.0,2022-01-16 11:55:21.722648
42,AS,Assam,AS_Assam,Barpeta,0.0,0,0.0,0.0,0,0.0,0.0,0.0,0.0,0.0,2022-01-16 11:55:21.722648
43,AS,Assam,AS_Assam,Biswanath,0.0,0,0.0,0.0,0,0.0,0.0,0.0,0.0,0.0,2022-01-16 11:55:21.722648
44,AS,Assam,AS_Assam,Bongaigaon,0.0,0,0.0,0.0,0,0.0,0.0,0.0,0.0,0.0,2022-01-16 11:55:21.722648
45,AS,Assam,AS_Assam,Cachar,0.0,0,0.0,0.0,0,0.0,0.0,0.0,0.0,0.0,2022-01-16 11:55:21.722648
46,AS,Assam,AS_Assam,Charaideo,0.0,0,0.0,0.0,0,0.0,0.0,0.0,0.0,0.0,2022-01-16 11:55:21.722648
47,AS,Assam,AS_Assam,Chirang,0.0,0,0.0,0.0,0,0.0,0.0,0.0,0.0,0.0,2022-01-16 11:55:21.722648
48,AS,Assam,AS_Assam,Darrang,0.0,0,0.0,0.0,0,0.0,0.0,0.0,0.0,0.0,2022-01-16 11:55:21.722648
49,AS,Assam,AS_Assam,Dhemaji,0.0,0,0.0,0.0,0,0.0,0.0,0.0,0.0,0.0,2022-01-16 11:55:21.722648
50,AS,Assam,AS_Assam,Dhubri,0.0,0,0.0,0.0,0,0.0,0.0,0.0,0.0,0.0,2022-01-16 11:55:21.722648
51,AS,Assam,AS_Assam,Dibrugarh,0.0,0,0.0,0.0,0,0.0,0.0,0.0,0.0,0.0,2022-01-16 11:55:21.722648
52,AS,Assam,AS_Assam,Dima Hasao,0.0,0,0.0,0.0,0,0.0,0.0,0.0,0.0,0.0,2022-01-16 11:55:21.722648
53,AS,Assam,AS_Assam,Goalpara,0.0,0,0.0,0.0,0,0.0,0.0,0.0,0.0,0.0,2022-01-16 11:55:21.722648
54,AS,Assam,AS_Assam,Golaghat,0.0,0,0.0,0.0,0,0.0,0.0,0.0,0.0,0.0,2022-01-16 11:55:21.722648
55,AS,Assam,AS_Assam,Hailakandi,0.0,0,0.0,0.0,0,0.0,0.0,0.0,0.0,0.0,2022-01-16 11:55:21.722648
56,AS,Assam,AS_Assam,Hojai,0.0,0,0.0,0.0,0,0.0,0.0,0.0,0.0,0.0,2022-01-16 11:55:21.722648
57,AS,Assam,AS_Assam,Jorhat,0.0,0,0.0,0.0,0,0.0,0.0,0.0,0.0,0.0,2022-01-16 11:55:21.722648
58,AS,Assam,AS_Assam,Kamrup,0.0,0,0.0,0.0,0,0.0,0.0,0.0,0.0,0.0,2022-01-16 11:55:21.722648
59,AS,Assam,AS_Assam,Kamrup Metropolitan,0.0,0,0.0,0.0,0,0.0,0.0,0.0,0.0,0.0,2022-01-16 11:55:21.722648
60,AS,Assam,AS_Assam,Karbi Anglong,0.0,0,0.0,0.0,0,0.0,0.0,0.0,0.0,0.0,2022-01-16 11:55:21.722648
61,AS,Assam,AS_Assam,Karimganj,0.0,0,0.0,0.0,0,0.0,0.0,0.0,0.0,0.0,2022-01-16 11:55:21.722648
62,AS,Assam,AS_Assam,Kokrajhar,0.0,0,0.0,0.0,0,0.0,0.0,0.0,0.0,0.0,2022-01-16 11:55:21.722648
63,AS,Assam,AS_Assam,Lakhimpur,0.0,0,0.0,0.0,0,0.0,0.0,0.0,0.0,0.0,2022-01-16 11:55:21.722648
64,AS,Assam,AS_Assam,Majuli,0.0,0,0.0,0.0,0,0.0,0.0,0.0,0.0,0.0,2022-01-16 11:55:21.722648
65,AS,Assam,AS_Assam,Morigaon,0.0,0,0.0,0.0,0,0.0,0.0,0.0,0.0,0.0,2022-01-16 11:55:21.722648
66,AS,Assam,AS_Assam,Nagaon,0.0,0,0.0,0.0,0,0.0,0.0,0.0,0.0,0.0,2022-01-16 11:55:21.722648
67,AS,Assam,AS_Assam,Nalbari,0.0,0,0.0,0.0,0,0.0,0.0,0.0,0.0,0.0,2022-01-16 11:55:21.722648
68,AS,Assam,AS_Assam,Other State,0.0,0,0.0,0.0,0,0.0,0.0,0.0,0.0,0.0,2022-01-16 11:55:21.722648
69,AS,Assam,AS_Assam,Sivasagar,0.0,0,0.0,0.0,0,0.0,0.0,0.0,0.0,0.0,2022-01-16 11:55:21.722648
70,AS,Assam,AS_Assam,Sonitpur,0.0,0,0.0,0.0,0,0.0,0.0,0.0,0.0,0.0,2022-01-16 11:55:21.722648
71,AS,Assam,AS_Assam,South Salmara Mankachar,0.0,0,0.0,0.0,0,0.0,0.0,0.0,0.0,0.0,2022-01-16 11:55:21.722648
72,AS,Assam,AS_Assam,Tinsukia,0.0,0,0.0,0.0,0,0.0,0.0,0.0,0.0,0.0,2022-01-16 11:55:21.722648
73,AS,Assam,AS_Assam,Udalguri,0.0,0,0.0,0.0,0,0.0,0.0,0.0,0.0,0.0,2022-01-16 11:55:21.722648
74,AS,Assam,AS_Assam,Unknown,644026.0,19124,618701.0,6201.0,0,3390.0,2510.0,876.0,4.0,0.0,2022-01-16 11:55:21.722648
75,AS,Assam,AS_Assam,West Karbi Anglong,0.0,0,0.0,0.0,0,0.0,0.0,0.0,0.0,0.0,2022-01-16 11:55:21.722648
76,BR,Bihar,BR_Bihar,Araria,15485,394,14952,139,0,61,23,38,0,0.0,2022-01-15 22:54:29
77,BR,Bihar,BR_Bihar,Arwal,7804,324,7371,109,0,80,58,22,0,0.0,2022-01-15 22:54:29
78,BR,Bihar,BR_Bihar,Aurangabad,20672,443,20154,75,0,104,58,46,0,0.0,2022-01-15 22:54:29
79,BR,Bihar,BR_Bihar,Banka,7869,367,7390,112,0,32,4,28,0,0.0,2022-01-15 22:54:29
80,BR,Bihar,BR_Bihar,Begusarai,28970,1094,27315,561,0,221,104,117,0,0.0,2022-01-15 22:54:29
81,BR,Bihar,BR_Bihar,Bhagalpur,27244,1036,25854,354,0,170,104,66,0,0.0,2022-01-15 22:54:29
82,BR,Bihar,BR_Bihar,Bhojpur,10982,422,10322,238,0,69,-49,118,0,0.0,2022-01-15 22:54:29
83,BR,Bihar,BR_Bihar,Buxar,9637,257,9163,217,0,62,44,18,0,0.0,2022-01-15 22:54:29
84,BR,Bihar,BR_Bihar,Darbhanga,12244,1123,10750,371,0,137,56,81,0,0.0,2022-01-15 22:54:29
85,BR,Bihar,BR_Bihar,East Champaran,19832,649,18654,529,0,122,79,42,1,0.0,2022-01-15 22:54:29
86,BR,Bihar,BR_Bihar,Gaya,36537,836,35335,366,0,111,-166,277,0,0.0,2022-01-15 22:54:29
87,BR,Bihar,BR_Bihar,Gopalganj,16942,188,16498,256,0,24,12,12,0,0.0,2022-01-15 22:54:29
88,BR,Bihar,BR_Bihar,Jamui,10395,570,9706,119,0,61,-63,124,0,0.0,2022-01-15 22:54:29
89,BR,Bihar,BR_Bihar,Jehanabad,11681,485,10952,244,0,17,-48,65,0,0.0,2022-01-15 22:54:29
90,BR,Bihar,BR_Bihar,Kaimur,5335,305,4883,147,0,61,43,18,0,0.0,2022-01-15 22:54:29
91,BR,Bihar,BR_Bihar,Katihar,18971,592,18111,268,0,129,76,53,0,0.0,2022-01-15 22:54:29
92,BR,Bihar,BR_Bihar,Khagaria,10342,189,9989,164,0,36,24,12,0,0.0,2022-01-15 22:54:29
93,BR,Bihar,BR_Bihar,Kishanganj,10748,461,10182,105,0,69,39,30,0,0.0,2022-01-15 22:54:29
94,BR,Bihar,BR_Bihar,Lakhisarai,8198,226,7870,102,0,49,39,10,0,0.0,2022-01-15 22:54:29
95,BR,Bihar,BR_Bihar,Madhepura,13337,677,12549,111,0,127,94,33,0,0.0,2022-01-15 22:54:29
96,BR,Bihar,BR_Bihar,Madhubani,19193,621,18185,387,0,73,5,68,0,0.0,2022-01-15 22:54:29
97,BR,Bihar,BR_Bihar,Munger,16481,1131,15078,272,0,268,224,44,0,0.0,2022-01-15 22:54:29
98,BR,Bihar,BR_Bihar,Muzaffarpur,34006,1733,31652,621,0,261,75,186,0,0.0,2022-01-15 22:54:29
99,BR,Bihar,BR_Bihar,Nalanda,24816,829,23519,468,0,93,-85,178,0,0.0,2022-01-15 22:54:29
100,BR,Bihar,BR_Bihar,Nawada,10748,165,10327,256,0,26,2,24,0,0.0,2022-01-15 22:54:29
101,BR,Bihar,BR_Bihar,Patna,169988,14131,153050,2807,0,2355,204,2148,3,0.0,2022-01-15 22:54:29
102,BR,Bihar,BR_Bihar,Purnia,25301,737,24336,228,0,151,117,34,0,0.0,2022-01-15 22:54:29
103,BR,Bihar,BR_Bihar,Rohtas,14622,382,13969,271,0,85,21,64,0,0.0,2022-01-15 22:54:29
104,BR,Bihar,BR_Bihar,Saharsa,18708,876,17639,193,0,139,89,50,0,0.0,2022-01-15 22:54:29
105,BR,Bihar,BR_Bihar,Samastipur,22004,1249,20496,259,0,377,186,191,0,0.0,2022-01-15 22:54:29
106,BR,Bihar,BR_Bihar,Saran,24604,1029,23319,256,0,273,207,66,0,0.0,2022-01-15 22:54:29
107,BR,Bihar,BR_Bihar,Sheikhpura,7810,55,7650,105,0,12,0,12,0,0.0,2022-01-15 22:54:29
108,BR,Bihar,BR_Bihar,Sheohar,4477,34,4391,52,0,7,-3,10,0,0.0,2022-01-15 22:54:29
109,BR,Bihar,BR_Bihar,Sitamarhi,9844,455,9262,127,0,76,31,45,0,0.0,2022-01-15 22:54:29
110,BR,Bihar,BR_Bihar,Siwan,15822,497,15040,285,0,92,71,21,0,0.0,2022-01-15 22:54:29
111,BR,Bihar,BR_Bihar,Supaul,17700,378,17165,157,0,68,44,24,0,0.0,2022-01-15 22:54:29
112,BR,Bihar,BR_Bihar,Vaishali,20825,505,19917,403,0,160,75,85,0,0.0,2022-01-15 22:54:29
113,BR,Bihar,BR_Bihar,West Champaran,21543,472,20678,393,0,67,38,29,0,0.0,2022-01-15 22:54:29
114,CT,Chhattisgarh,CT_Chhattisgarh,Balod,27678,322,26960,396,0,96,72,24,0,0.0,2022-01-15 23:55:44.948415
115,CT,Chhattisgarh,CT_Chhattisgarh,Baloda Bazar,43610,369,42769,472,0,60,42,18,0,0.0,2022-01-15 23:55:44.948422
116,CT,Chhattisgarh,CT_Chhattisgarh,Balrampur,20663,288,20257,118,0,43,21,22,0,0.0,2022-01-15 23:55:44.948442
117,CT,Chhattisgarh,CT_Chhattisgarh,Bametara,20118,140,19741,237,0,20,19,1,0,0.0,2022-01-15 23:55:44.948416
118,CT,Chhattisgarh,CT_Chhattisgarh,Bastar,21460,325,20946,189,0,27,27,0,0,0.0,2022-01-15 23:55:44.948444
119,CT,Chhattisgarh,CT_Chhattisgarh,Bijapur,8574,232,8287,55,0,5,5,0,0,0.0,2022-01-15 23:55:44.948452
120,CT,Chhattisgarh,CT_Chhattisgarh,Bilaspur,70440,2441,66780,1219,0,447,41,406,0,0.0,2022-01-15 23:55:44.948429
121,CT,Chhattisgarh,CT_Chhattisgarh,Dakshin Bastar Dantewada,11264,344,10894,26,0,53,39,14,0,0.0,2022-01-15 23:55:44.948447
122,CT,Chhattisgarh,CT_Chhattisgarh,Dhamtari,27737,445,26745,547,0,92,90,2,0,0.0,2022-01-15 23:55:44.948421
123,CT,Chhattisgarh,CT_Chhattisgarh,Durg,103189,4939,96440,1810,0,653,-27,679,1,0.0,2022-01-15 23:55:44.948403
124,CT,Chhattisgarh,CT_Chhattisgarh,Gariaband,19838,86,19558,194,0,9,8,1,0,0.0,2022-01-15 23:55:44.948428
125,CT,Chhattisgarh,CT_Chhattisgarh,Gaurela Pendra Marwahi,12314,251,11917,146,0,33,25,8,0,0.0,2022-01-15 23:55:44.948436
126,CT,Chhattisgarh,CT_Chhattisgarh,Janjgir Champa,60014,1931,57240,843,0,204,189,15,0,0.0,2022-01-15 23:55:44.948433
127,CT,Chhattisgarh,CT_Chhattisgarh,Jashpur,28976,1037,27727,212,0,146,-36,182,0,0.0,2022-01-15 23:55:44.948443
128,CT,Chhattisgarh,CT_Chhattisgarh,Kabeerdham,22997,204,22526,267,0,39,38,1,0,0.0,2022-01-15 23:55:44.948418
129,CT,Chhattisgarh,CT_Chhattisgarh,Kondagaon,13328,154,13075,99,0,28,19,9,0,0.0,2022-01-15 23:55:44.948446
130,CT,Chhattisgarh,CT_Chhattisgarh,Korba,58812,2047,56177,588,0,366,-76,440,2,0.0,2022-01-15 23:55:44.948432
131,CT,Chhattisgarh,CT_Chhattisgarh,Koriya,27772,495,27100,177,0,64,36,28,0,0.0,2022-01-15 23:55:44.948440
132,CT,Chhattisgarh,CT_Chhattisgarh,Mahasamund,31637,186,31085,366,0,48,29,19,0,0.0,2022-01-15 23:55:44.948426
133,CT,Chhattisgarh,CT_Chhattisgarh,Mungeli,24254,313,23774,167,0,64,64,0,0,0.0,2022-01-15 23:55:44.948435
134,CT,Chhattisgarh,CT_Chhattisgarh,Narayanpur,4140,121,4005,14,0,24,24,0,0,0.0,2022-01-15 23:55:44.948451
135,CT,Chhattisgarh,CT_Chhattisgarh,Other State,852,4,717,131,0,0,-4,4,0,0.0,2022-01-15 23:55:44.948453
136,CT,Chhattisgarh,CT_Chhattisgarh,Raigarh,68121,4172,62966,983,0,663,245,416,2,0.0,2022-01-15 23:55:44.948430
137,CT,Chhattisgarh,CT_Chhattisgarh,Raipur,173137,8462,161514,3161,0,1692,93,1596,3,0.0,2022-01-15 23:55:44.948420
138,CT,Chhattisgarh,CT_Chhattisgarh,Rajnandgaon,57825,1155,56153,517,0,238,74,164,0,0.0,2022-01-15 23:55:44.948413
139,CT,Chhattisgarh,CT_Chhattisgarh,Sukma,8372,215,8137,20,0,25,12,13,0,0.0,2022-01-15 23:55:44.948448
140,CT,Chhattisgarh,CT_Chhattisgarh,Surajpur,29588,345,29019,224,0,90,65,25,0,0.0,2022-01-15 23:55:44.948441
141,CT,Chhattisgarh,CT_Chhattisgarh,Surguja,34890,773,33872,245,0,172,65,107,0,0.0,2022-01-15 23:55:44.948438
142,CT,Chhattisgarh,CT_Chhattisgarh,Uttar Bastar Kanker,24153,343,23586,224,0,124,78,46,0,0.0,2022-01-15 23:55:44.948449
143,GA,Goa,GA_Goa,North Goa,0.0,0,0.0,0.0,0,0.0,0.0,0.0,0.0,0.0,2022-01-16 11:55:21.722648
144,GA,Goa,GA_Goa,Other State,0.0,0,0.0,0.0,0,0.0,0.0,0.0,0.0,0.0,2022-01-16 11:55:21.722648
145,GA,Goa,GA_Goa,South Goa,0.0,0,0.0,0.0,0,0.0,0.0,0.0,0.0,0.0,2022-01-16 11:55:21.722648
146,GA,Goa,GA_Goa,Unknown,207243.0,20078,183615.0,3550.0,0,3274.0,1481.0,1789.0,4.0,0.0,2022-01-16 11:55:21.722648
147,GJ,Gujarat,GJ_Gujarat,Ahmedabad,272455,20870,248170,3415,0,2666,183,2481,2,0.0,2022-01-15 23:55:45.120564
148,GJ,Gujarat,GJ_Gujarat,Amreli,11111,168,10840,103,0,15,7,8,0,0.0,2022-01-15 23:55:45.120564
149,GJ,Gujarat,GJ_Gujarat,Anand,10963,611,10301,51,0,78,-16,94,0,0.0,2022-01-15 23:55:45.120564
150,GJ,Gujarat,GJ_Gujarat,Aravalli,5297,54,5164,79,0,2,-16,18,0,0.0,2022-01-15 23:55:45.120564
151,GJ,Gujarat,GJ_Gujarat,Banaskantha,14003,285,13556,162,0,81,73,8,0,0.0,2022-01-15 23:55:45.120564
152,GJ,Gujarat,GJ_Gujarat,Bharuch,12654,645,11891,118,0,63,-181,244,0,0.0,2022-01-15 23:55:45.120564
153,GJ,Gujarat,GJ_Gujarat,Bhavnagar,23110,1362,21444,304,0,295,219,76,0,0.0,2022-01-15 23:55:45.120564
154,GJ,Gujarat,GJ_Gujarat,Botad,2226,3,2181,42,0,2,2,0,0,0.0,2022-01-15 23:55:45.120564
155,GJ,Gujarat,GJ_Gujarat,Chhota Udaipur,3415,12,3365,38,0,0,-2,2,0,0.0,2022-01-15 23:55:45.120564
156,GJ,Gujarat,GJ_Gujarat,Dahod,10216,181,9997,38,0,45,24,21,0,0.0,2022-01-15 23:55:45.120564
157,GJ,Gujarat,GJ_Gujarat,Dang,887,15,854,18,0,1,-1,2,0,0.0,2022-01-15 23:55:45.120564
158,GJ,Gujarat,GJ_Gujarat,Devbhumi Dwarka,4406,141,4182,83,0,9,-4,13,0,0.0,2022-01-15 23:55:45.120564
159,GJ,Gujarat,GJ_Gujarat,Gandhinagar,23142,1802,21135,205,0,320,233,87,0,0.0,2022-01-15 23:55:45.120564
160,GJ,Gujarat,GJ_Gujarat,Gir Somnath,8931,289,8575,67,0,67,58,9,0,0.0,2022-01-15 23:55:45.120564
161,GJ,Gujarat,GJ_Gujarat,Jamnagar,36185,822,34880,483,0,161,96,65,0,0.0,2022-01-15 23:55:45.120564
162,GJ,Gujarat,GJ_Gujarat,Junagadh,21034,134,20628,272,0,41,-13,54,0,0.0,2022-01-15 23:55:45.120564
163,GJ,Gujarat,GJ_Gujarat,Kheda,11566,334,11183,49,0,59,-12,71,0,0.0,2022-01-15 23:55:45.120564
164,GJ,Gujarat,GJ_Gujarat,Kutch,13869,632,13092,145,0,87,66,21,0,0.0,2022-01-15 23:55:45.120564
165,GJ,Gujarat,GJ_Gujarat,Mahisagar,8405,119,8214,72,0,27,-3,30,0,0.0,2022-01-15 23:55:45.120564
166,GJ,Gujarat,GJ_Gujarat,Mehsana,25266,655,24434,177,0,135,95,40,0,0.0,2022-01-15 23:55:45.120564
167,GJ,Gujarat,GJ_Gujarat,Morbi,7104,430,6587,87,0,76,60,16,0,0.0,2022-01-15 23:55:45.120564
168,GJ,Gujarat,GJ_Gujarat,Narmada,6064,93,5956,15,0,6,6,0,0,0.0,2022-01-15 23:55:45.120564
169,GJ,Gujarat,GJ_Gujarat,Navsari,8507,795,7681,31,0,175,101,73,1,0.0,2022-01-15 23:55:45.120564
170,GJ,Gujarat,GJ_Gujarat,Panchmahal,12078,196,11812,70,0,14,-14,28,0,0.0,2022-01-15 23:55:45.120564
171,GJ,Gujarat,GJ_Gujarat,Patan,11937,304,11504,129,0,77,77,0,0,0.0,2022-01-15 23:55:45.120564
172,GJ,Gujarat,GJ_Gujarat,Porbandar,3561,53,3486,22,0,6,1,5,0,0.0,2022-01-15 23:55:45.120564
173,GJ,Gujarat,GJ_Gujarat,Rajkot,62244,2729,58780,735,0,587,367,219,1,0.0,2022-01-15 23:55:45.120564
174,GJ,Gujarat,GJ_Gujarat,Sabarkantha,9716,268,9291,157,0,35,7,28,0,0.0,2022-01-15 23:55:45.120564
175,GJ,Gujarat,GJ_Gujarat,Surat,168009,18276,147766,1967,0,2497,1284,1210,3,0.0,2022-01-15 23:55:45.120564
176,GJ,Gujarat,GJ_Gujarat,Surendranagar,8417,233,8048,136,0,44,33,11,0,0.0,2022-01-15 23:55:45.120564
177,GJ,Gujarat,GJ_Gujarat,Tapi,4571,69,4477,25,0,7,3,4,0,0.0,2022-01-15 23:55:45.120564
178,GJ,Gujarat,GJ_Gujarat,Vadodara,86057,5629,79640,788,0,1298,1007,291,0,0.0,2022-01-15 23:55:45.120564
179,GJ,Gujarat,GJ_Gujarat,Valsad,8522,1355,7102,65,0,201,26,175,0,0.0,2022-01-15 23:55:45.120564
180,HR,Haryana,HR_Haryana,Ambala,34269.0,3415,30337,517,0,522,368,153,1,0.0,2022-01-15T23:55:49.286868+05:30
181,HR,Haryana,HR_Haryana,Bhiwani,22981.0,474,21853,654,0,75,42,32,1,0.0,2022-01-15T23:55:49.286868+05:30
182,HR,Haryana,HR_Haryana,Charkhi Dadri,5348.0,217,4992,139,0,84,72,12,0,0.0,2022-01-15T23:55:49.286868+05:30
183,HR,Haryana,HR_Haryana,Faridabad,110231.0,9044,100469,718,0,1764,1469,295,0,0.0,2022-01-15T23:55:49.286868+05:30
184,HR,Haryana,HR_Haryana,Fatehabad,18219.0,226,17509,484,0,53,30,23,0,0.0,2022-01-15T23:55:49.286868+05:30
185,HR,Haryana,HR_Haryana,Gurugram,211005.0,19266,190808,931,0,3349,1727,1621,1,0.0,2022-01-15T23:55:49.286868+05:30
186,HR,Haryana,HR_Haryana,Hisar,55195.0,819,53238,1138,0,262,212,50,0,0.0,2022-01-15T23:55:49.286868+05:30
187,HR,Haryana,HR_Haryana,Jhajjar,19985.0,647,19010,328,0,184,96,88,0,0.0,2022-01-15T23:55:49.286868+05:30
188,HR,Haryana,HR_Haryana,Jind,21847.0,451,20862,534,0,155,74,81,0,0.0,2022-01-15T23:55:49.286868+05:30
189,HR,Haryana,HR_Haryana,Kaithal,11754.0,425,10980,349,0,93,75,17,1,0.0,2022-01-15T23:55:49.286868+05:30
190,HR,Haryana,HR_Haryana,Karnal,43068.0,2332,40181,555,0,389,195,194,0,0.0,2022-01-15T23:55:49.286868+05:30
191,HR,Haryana,HR_Haryana,Kurukshetra,23223.0,654,22211,358,0,172,117,55,0,0.0,2022-01-15T23:55:49.286868+05:30
192,HR,Haryana,HR_Haryana,Mahendragarh,21939.0,202,21581,156,0,35,20,15,0,0.0,2022-01-15T23:55:49.286868+05:30
193,HR,Haryana,HR_Haryana,Nuh,5198.0,93,4982,123,0,34,30,4,0,0.0,2022-01-15T23:55:49.286868+05:30
194,HR,Haryana,HR_Haryana,Palwal,11200.0,140,10907,153,0,17,14,3,0,0.0,2022-01-15T23:55:49.286868+05:30
195,HR,Haryana,HR_Haryana,Panchkula,35837.0,2865,32590,382,0,510,271,239,0,0.0,2022-01-15T23:55:49.286868+05:30
196,HR,Haryana,HR_Haryana,Panipat,32575.0,1153,30784,638,0,271,185,86,0,0.0,2022-01-15T23:55:49.286868+05:30
197,HR,Haryana,HR_Haryana,Rewari,21004.0,386,20397,221,0,92,22,70,0,0.0,2022-01-15T23:55:49.286868+05:30
198,HR,Haryana,HR_Haryana,Rohtak,27280.0,1052,25694,534,0,239,-16,255,0,0.0,2022-01-15T23:55:49.286868+05:30
199,HR,Haryana,HR_Haryana,Sirsa,29991.0,466,29014,511,0,148,111,37,0,0.0,2022-01-15T23:55:49.286868+05:30
200,HR,Haryana,HR_Haryana,Sonipat,50091.0,1769,48066,256,0,403,79,322,2,0.0,2022-01-15T23:55:49.286868+05:30
201,HR,Haryana,HR_Haryana,Yamunanagar,25758.0,647,24692,419,0,199,107,91,1,0.0,2022-01-15T23:55:49.286868+05:30
202,HP,Himachal Pradesh,HP_Himachal Pradesh,Bilaspur,15314,528,14696,90,0,108,82,26,0,0.0,2022-01-15 23:55:56.607527
203,HP,Himachal Pradesh,HP_Himachal Pradesh,Chamba,14124,312,13651,161,0,92,51,41,0,0.0,2022-01-15 23:55:56.607550
204,HP,Himachal Pradesh,HP_Himachal Pradesh,Hamirpur,19403,995,18100,308,0,140,73,67,0,0.0,2022-01-15 23:55:56.607552
205,HP,Himachal Pradesh,HP_Himachal Pradesh,Kangra,55416,2105,52130,1181,0,339,118,221,0,0.0,2022-01-15 23:55:56.607553
206,HP,Himachal Pradesh,HP_Himachal Pradesh,Kinnaur,3697,124,3534,39,0,15,-10,25,0,0.0,2022-01-15 23:55:56.607555
207,HP,Himachal Pradesh,HP_Himachal Pradesh,Kullu,10393,438,9797,158,0,85,17,68,0,0.0,2022-01-15 23:55:56.607556
208,HP,Himachal Pradesh,HP_Himachal Pradesh,Lahaul and Spiti,2997,21,2958,18,0,7,3,4,0,0.0,2022-01-15 23:55:56.607557
209,HP,Himachal Pradesh,HP_Himachal Pradesh,Mandi,33238,986,31788,464,0,225,199,26,0,0.0,2022-01-15 23:55:56.607559
210,HP,Himachal Pradesh,HP_Himachal Pradesh,Shimla,29943,1424,27859,660,0,287,20,267,0,0.0,2022-01-15 23:55:56.607563
211,HP,Himachal Pradesh,HP_Himachal Pradesh,Sirmaur,16494,960,15321,213,0,157,132,25,0,0.0,2022-01-15 23:55:56.607564
212,HP,Himachal Pradesh,HP_Himachal Pradesh,Solan,25324,1631,23376,317,0,317,167,150,0,0.0,2022-01-15 23:55:56.607566
213,HP,Himachal Pradesh,HP_Himachal Pradesh,Una,15946,1063,14620,263,0,187,169,18,0,0.0,2022-01-15 23:55:56.607567
214,JH,Jharkhand,JH_Jharkhand,Bokaro,0.0,0,0.0,0.0,0,0.0,0.0,0.0,0.0,0.0,2022-01-16 11:55:21.722648
215,JH,Jharkhand,JH_Jharkhand,Chatra,0.0,0,0.0,0.0,0,0.0,0.0,0.0,0.0,0.0,2022-01-16 11:55:21.722648
216,JH,Jharkhand,JH_Jharkhand,Deoghar,0.0,0,0.0,0.0,0,0.0,0.0,0.0,0.0,0.0,2022-01-16 11:55:21.722648
217,JH,Jharkhand,JH_Jharkhand,Dhanbad,0.0,0,0.0,0.0,0,0.0,0.0,0.0,0.0,0.0,2022-01-16 11:55:21.722648
218,JH,Jharkhand,JH_Jharkhand,Dumka,0.0,0,0.0,0.0,0,0.0,0.0,0.0,0.0,0.0,2022-01-16 11:55:21.722648
219,JH,Jharkhand,JH_Jharkhand,East Singhbhum,0.0,0,0.0,0.0,0,0.0,0.0,0.0,0.0,0.0,2022-01-16 11:55:21.722648
220,JH,Jharkhand,JH_Jharkhand,Garhwa,0.0,0,0.0,0.0,0,0.0,0.0,0.0,0.0,0.0,2022-01-16 11:55:21.722648
221,JH,Jharkhand,JH_Jharkhand,Giridih,0.0,0,0.0,0.0,0,0.0,0.0,0.0,0.0,0.0,2022-01-16 11:55:21.722648
222,JH,Jharkhand,JH_Jharkhand,Godda,0.0,0,0.0,0.0,0,0.0,0.0,0.0,0.0,0.0,2022-01-16 11:55:21.722648
223,JH,Jharkhand,JH_Jharkhand,Gumla,0.0,0,0.0,0.0,0,0.0,0.0,0.0,0.0,0.0,2022-01-16 11:55:21.722648
224,JH,Jharkhand,JH_Jharkhand,Hazaribagh,0.0,0,0.0,0.0,0,0.0,0.0,0.0,0.0,0.0,2022-01-16 11:55:21.722648
225,JH,Jharkhand,JH_Jharkhand,Jamtara,0.0,0,0.0,0.0,0,0.0,0.0,0.0,0.0,0.0,2022-01-16 11:55:21.722648
226,JH,Jharkhand,JH_Jharkhand,Khunti,0.0,0,0.0,0.0,0,0.0,0.0,0.0,0.0,0.0,2022-01-16 11:55:21.722648
227,JH,Jharkhand,JH_Jharkhand,Koderma,0.0,0,0.0,0.0,0,0.0,0.0,0.0,0.0,0.0,2022-01-16 11:55:21.722648
228,JH,Jharkhand,JH_Jharkhand,Latehar,0.0,0,0.0,0.0,0,0.0,0.0,0.0,0.0,0.0,2022-01-16 11:55:21.722648
229,JH,Jharkhand,JH_Jharkhand,Lohardaga,0.0,0,0.0,0.0,0,0.0,0.0,0.0,0.0,0.0,2022-01-16 11:55:21.722648
230,JH,Jharkhand,JH_Jharkhand,Pakur,0.0,0,0.0,0.0,0,0.0,0.0,0.0,0.0,0.0,2022-01-16 11:55:21.722648
231,JH,Jharkhand,JH_Jharkhand,Palamu,0.0,0,0.0,0.0,0,0.0,0.0,0.0,0.0,0.0,2022-01-16 11:55:21.722648
232,JH,Jharkhand,JH_Jharkhand,Ramgarh,0.0,0,0.0,0.0,0,0.0,0.0,0.0,0.0,0.0,2022-01-16 11:55:21.722648
233,JH,Jharkhand,JH_Jharkhand,Ranchi,0.0,0,0.0,0.0,0,0.0,0.0,0.0,0.0,0.0,2022-01-16 11:55:21.722648
234,JH,Jharkhand,JH_Jharkhand,Sahibganj,0.0,0,0.0,0.0,0,0.0,0.0,0.0,0.0,0.0,2022-01-16 11:55:21.722648
235,JH,Jharkhand,JH_Jharkhand,Saraikela-Kharsawan,0.0,0,0.0,0.0,0,0.0,0.0,0.0,0.0,0.0,2022-01-16 11:55:21.722648
236,JH,Jharkhand,JH_Jharkhand,Simdega,0.0,0,0.0,0.0,0,0.0,0.0,0.0,0.0,0.0,2022-01-16 11:55:21.722648
237,JH,Jharkhand,JH_Jharkhand,Unknown,402533.0,33089,364245.0,5199.0,0,3258.0,-100.0,3351.0,7.0,0.0,2022-01-16 11:55:21.722648
238,JH,Jharkhand,JH_Jharkhand,West Singhbhum,0.0,0,0.0,0.0,0,0.0,0.0,0.0,0.0,0.0,2022-01-16 11:55:21.722648
239,KA,Karnataka,KA_Karnataka,Bagalkote,35402,203,34866,333,0,106,106,0,0,0.0,2022-01-15T23:55:59.989083+05:30
240,KA,Karnataka,KA_Karnataka,Ballari,99525,1670,96166,1689,0,410,370,40,0,0.0,2022-01-15T23:55:59.989083+05:30
241,KA,Karnataka,KA_Karnataka,Belagavi,81982,1751,79282,949,0,393,355,38,0,0.0,2022-01-15T23:55:59.989083+05:30
242,KA,Karnataka,KA_Karnataka,Bengaluru Rural,64444,2066,61483,895,0,503,465,38,0,0.0,2022-01-15T23:55:59.989083+05:30
243,KA,Karnataka,KA_Karnataka,Bengaluru Urban,1395736,129113,1250175,16448,0,22284,19800,2479,5,0.0,2022-01-15T23:55:59.989083+05:30
244,KA,Karnataka,KA_Karnataka,Bidar,25006,557,24045,404,0,171,114,57,0,0.0,2022-01-15T23:55:59.989083+05:30
245,KA,Karnataka,KA_Karnataka,Chamarajanagara,33780,626,32650,504,0,93,67,26,0,0.0,2022-01-15T23:55:59.989083+05:30
246,KA,Karnataka,KA_Karnataka,Chikkaballapura,45106,1031,43641,434,0,311,294,16,1,0.0,2022-01-15T23:55:59.989083+05:30
247,KA,Karnataka,KA_Karnataka,Chikkamagaluru,52254,718,51138,398,0,196,177,19,0,0.0,2022-01-15T23:55:59.989083+05:30
248,KA,Karnataka,KA_Karnataka,Chitradurga,37396,592,36592,212,0,204,198,6,0,0.0,2022-01-15T23:55:59.989083+05:30
249,KA,Karnataka,KA_Karnataka,Dakshina Kannada,120975,3454,115822,1699,0,792,457,335,0,0.0,2022-01-15T23:55:59.989083+05:30
250,KA,Karnataka,KA_Karnataka,Davanagere,51754,647,50499,608,0,153,135,18,0,0.0,2022-01-15T23:55:59.989083+05:30
251,KA,Karnataka,KA_Karnataka,Dharwad,63903,1922,60656,1325,0,648,572,76,0,0.0,2022-01-15T23:55:59.989083+05:30
252,KA,Karnataka,KA_Karnataka,Gadag,26520,403,25798,319,0,134,120,14,0,0.0,2022-01-15T23:55:59.989083+05:30
253,KA,Karnataka,KA_Karnataka,Hassan,115673,3018,111392,1263,0,968,809,159,0,0.0,2022-01-15T23:55:59.989083+05:30
254,KA,Karnataka,KA_Karnataka,Haveri,22052,87,21322,643,0,17,16,1,0,0.0,2022-01-15T23:55:59.989083+05:30
255,KA,Karnataka,KA_Karnataka,Kalaburagi,63739,1598,61315,826,0,384,332,52,0,0.0,2022-01-15T23:55:59.989083+05:30
256,KA,Karnataka,KA_Karnataka,Kodagu,38387,583,37466,338,0,150,144,6,0,0.0,2022-01-15T23:55:59.989083+05:30
257,KA,Karnataka,KA_Karnataka,Kolar,49293,1825,46824,644,0,541,449,92,0,0.0,2022-01-15T23:55:59.989083+05:30
258,KA,Karnataka,KA_Karnataka,Koppal,35468,233,34707,528,0,93,70,23,0,0.0,2022-01-15T23:55:59.989083+05:30
259,KA,Karnataka,KA_Karnataka,Mandya,77267,2401,74208,658,0,718,430,288,0,0.0,2022-01-15T23:55:59.989083+05:30
260,KA,Karnataka,KA_Karnataka,Mysuru,184952,3967,178551,2434,0,729,505,223,1,0.0,2022-01-15T23:55:59.989083+05:30
261,KA,Karnataka,KA_Karnataka,Other State,36,0,33,3,0,0,0,0,0,0.0,2022-01-15T23:55:59.989083+05:30
262,KA,Karnataka,KA_Karnataka,Raichur,40537,534,39670,333,0,109,105,4,0,0.0,2022-01-15T23:55:59.989083+05:30
263,KA,Karnataka,KA_Karnataka,Ramanagara,24981,712,23945,324,0,122,109,13,0,0.0,2022-01-15T23:55:59.989083+05:30
264,KA,Karnataka,KA_Karnataka,Shivamogga,71342,1542,68710,1090,0,305,245,60,0,0.0,2022-01-15T23:55:59.989083+05:30
265,KA,Karnataka,KA_Karnataka,Tumakuru,125514,4040,120329,1145,0,1326,1302,24,0,0.0,2022-01-15T23:55:59.989083+05:30
266,KA,Karnataka,KA_Karnataka,Udupi,80502,2879,77132,491,0,607,544,63,0,0.0,2022-01-15T23:55:59.989083+05:30
267,KA,Karnataka,KA_Karnataka,Uttara Kannada,58093,1261,56053,779,0,237,164,73,0,0.0,2022-01-15T23:55:59.989083+05:30
268,KA,Karnataka,KA_Karnataka,Vijayapura,36784,362,35926,496,0,76,46,30,0,0.0,2022-01-15T23:55:59.989083+05:30
269,KA,Karnataka,KA_Karnataka,Yadgir,27637,84,27347,206,0,13,13,0,0,0.0,2022-01-15T23:55:59.989083+05:30
270,KL,Kerala,KL_Kerala,Alappuzha,330129.0,-127,326349.0,3907.0,0,0.0,0.0,0.0,0.0,0.0,2022-01-16 11:55:21.722648
271,KL,Kerala,KL_Kerala,Ernakulam,662943.0,18760,638293.0,5890.0,0,0.0,0.0,0.0,0.0,0.0,2022-01-16 11:55:21.722648
272,KL,Kerala,KL_Kerala,Idukki,161214.0,3764,156421.0,1029.0,0,0.0,0.0,0.0,0.0,0.0,2022-01-16 11:55:21.722648
273,KL,Kerala,KL_Kerala,Kannur,297509.0,2829,290986.0,3694.0,0,0.0,0.0,0.0,0.0,0.0,2022-01-16 11:55:21.722648
274,KL,Kerala,KL_Kerala,Kasaragod,145524.0,3467,141031.0,1026.0,0,0.0,0.0,0.0,0.0,0.0,2022-01-16 11:55:21.722648
275,KL,Kerala,KL_Kerala,Kollam,417765.0,1953,410966.0,4846.0,0,0.0,0.0,0.0,0.0,0.0,2022-01-16 11:55:21.722648
276,KL,Kerala,KL_Kerala,Kottayam,351559.0,4815,343877.0,2867.0,0,0.0,0.0,0.0,0.0,0.0,2022-01-16 11:55:21.722648
277,KL,Kerala,KL_Kerala,Kozhikode,568926.0,4926,559485.0,4515.0,0,0.0,0.0,0.0,0.0,0.0,2022-01-16 11:55:21.722648
278,KL,Kerala,KL_Kerala,Malappuram,582890.0,1678,577431.0,3781.0,0,0.0,0.0,0.0,0.0,0.0,2022-01-16 11:55:21.722648
279,KL,Kerala,KL_Kerala,Other State,0.0,0,0.0,0.0,0,0.0,0.0,0.0,0.0,0.0,2022-01-16 11:55:21.722648
280,KL,Kerala,KL_Kerala,Palakkad,387886.0,5920,377797.0,4169.0,0,0.0,0.0,0.0,0.0,0.0,2022-01-16 11:55:21.722648
281,KL,Kerala,KL_Kerala,Pathanamthitta,210937.0,5142,203917.0,1878.0,0,0.0,0.0,0.0,0.0,0.0,2022-01-16 11:55:21.722648
282,KL,Kerala,KL_Kerala,Thiruvananthapuram,530063.0,16586,506897.0,6580.0,0,0.0,0.0,0.0,0.0,0.0,2022-01-16 11:55:21.722648
283,KL,Kerala,KL_Kerala,Thrissur,558347.0,5232,547486.0,5629.0,0,0.0,0.0,0.0,0.0,0.0,2022-01-16 11:55:21.722648
284,KL,Kerala,KL_Kerala,Unknown,17755.0,13830,3819.0,106.0,0,0.0,0.0,0.0,0.0,0.0,2022-01-16 11:55:21.722648
285,KL,Kerala,KL_Kerala,Wayanad,137261.0,2578,133926.0,757.0,0,0.0,0.0,0.0,0.0,0.0,2022-01-16 11:55:21.722648
286,MP,Madhya Pradesh,MP_Madhya Pradesh,Agar Malwa,0.0,0,0.0,0.0,0,0.0,0.0,0.0,0.0,0.0,2022-01-16 11:55:21.722648
287,MP,Madhya Pradesh,MP_Madhya Pradesh,Alirajpur,0.0,0,0.0,0.0,0,0.0,0.0,0.0,0.0,0.0,2022-01-16 11:55:21.722648
288,MP,Madhya Pradesh,MP_Madhya Pradesh,Anuppur,0.0,0,0.0,0.0,0,0.0,0.0,0.0,0.0,0.0,2022-01-16 11:55:21.722648
289,MP,Madhya Pradesh,MP_Madhya Pradesh,Ashoknagar,0.0,0,0.0,0.0,0,0.0,0.0,0.0,0.0,0.0,2022-01-16 11:55:21.722648
290,MP,Madhya Pradesh,MP_Madhya Pradesh,Balaghat,0.0,0,0.0,0.0,0,0.0,0.0,0.0,0.0,0.0,2022-01-16 11:55:21.722648
291,MP,Madhya Pradesh,MP_Madhya Pradesh,Barwani,0.0,0,0.0,0.0,0,0.0,0.0,0.0,0.0,0.0,2022-01-16 11:55:21.722648
292,MP,Madhya Pradesh,MP_Madhya Pradesh,Betul,0.0,0,0.0,0.0,0,0.0,0.0,0.0,0.0,0.0,2022-01-16 11:55:21.722648
293,MP,Madhya Pradesh,MP_Madhya Pradesh,Bhind,0.0,0,0.0,0.0,0,0.0,0.0,0.0,0.0,0.0,2022-01-16 11:55:21.722648
294,MP,Madhya Pradesh,MP_Madhya Pradesh,Bhopal,0.0,0,0.0,0.0,0,0.0,0.0,0.0,0.0,0.0,2022-01-16 11:55:21.722648
295,MP,Madhya Pradesh,MP_Madhya Pradesh,Burhanpur,0.0,0,0.0,0.0,0,0.0,0.0,0.0,0.0,0.0,2022-01-16 11:55:21.722648
296,MP,Madhya Pradesh,MP_Madhya Pradesh,Chhatarpur,0.0,0,0.0,0.0,0,0.0,0.0,0.0,0.0,0.0,2022-01-16 11:55:21.722648
297,MP,Madhya Pradesh,MP_Madhya Pradesh,Chhindwara,0.0,0,0.0,0.0,0,0.0,0.0,0.0,0.0,0.0,2022-01-16 11:55:21.722648
298,MP,Madhya Pradesh,MP_Madhya Pradesh,Damoh,0.0,0,0.0,0.0,0,0.0,0.0,0.0,0.0,0.0,2022-01-16 11:55:21.722648
299,MP,Madhya Pradesh,MP_Madhya Pradesh,Datia,0.0,0,0.0,0.0,0,0.0,0.0,0.0,0.0,0.0,2022-01-16 11:55:21.722648
300,MP,Madhya Pradesh,MP_Madhya Pradesh,Dewas,0.0,0,0.0,0.0,0,0.0,0.0,0.0,0.0,0.0,2022-01-16 11:55:21.722648
301,MP,Madhya Pradesh,MP_Madhya Pradesh,Dhar,0.0,0,0.0,0.0,0,0.0,0.0,0.0,0.0,0.0,2022-01-16 11:55:21.722648
302,MP,Madhya Pradesh,MP_Madhya Pradesh,Dindori,0.0,0,0.0,0.0,0,0.0,0.0,0.0,0.0,0.0,2022-01-16 11:55:21.722648
303,MP,Madhya Pradesh,MP_Madhya Pradesh,Guna,0.0,0,0.0,0.0,0,0.0,0.0,0.0,0.0,0.0,2022-01-16 11:55:21.722648
304,MP,Madhya Pradesh,MP_Madhya Pradesh,Gwalior,0.0,0,0.0,0.0,0,0.0,0.0,0.0,0.0,0.0,2022-01-16 11:55:21.722648
305,MP,Madhya Pradesh,MP_Madhya Pradesh,Harda,0.0,0,0.0,0.0,0,0.0,0.0,0.0,0.0,0.0,2022-01-16 11:55:21.722648
306,MP,Madhya Pradesh,MP_Madhya Pradesh,Hoshangabad,0.0,0,0.0,0.0,0,0.0,0.0,0.0,0.0,0.0,2022-01-16 11:55:21.722648
307,MP,Madhya Pradesh,MP_Madhya Pradesh,Indore,0.0,0,0.0,0.0,0,0.0,0.0,0.0,0.0,0.0,2022-01-16 11:55:21.722648
308,MP,Madhya Pradesh,MP_Madhya Pradesh,Jabalpur,0.0,0,0.0,0.0,0,0.0,0.0,0.0,0.0,0.0,2022-01-16 11:55:21.722648
309,MP,Madhya Pradesh,MP_Madhya Pradesh,Jhabua,0.0,0,0.0,0.0,0,0.0,0.0,0.0,0.0,0.0,2022-01-16 11:55:21.722648
310,MP,Madhya Pradesh,MP_Madhya Pradesh,Katni,0.0,0,0.0,0.0,0,0.0,0.0,0.0,0.0,0.0,2022-01-16 11:55:21.722648
311,MP,Madhya Pradesh,MP_Madhya Pradesh,Khandwa,0.0,0,0.0,0.0,0,0.0,0.0,0.0,0.0,0.0,2022-01-16 11:55:21.722648
312,MP,Madhya Pradesh,MP_Madhya Pradesh,Khargone,0.0,0,0.0,0.0,0,0.0,0.0,0.0,0.0,0.0,2022-01-16 11:55:21.722648
313,MP,Madhya Pradesh,MP_Madhya Pradesh,Mandla,0.0,0,0.0,0.0,0,0.0,0.0,0.0,0.0,0.0,2022-01-16 11:55:21.722648
314,MP,Madhya Pradesh,MP_Madhya Pradesh,Mandsaur,0.0,0,0.0,0.0,0,0.0,0.0,0.0,0.0,0.0,2022-01-16 11:55:21.722648
315,MP,Madhya Pradesh,MP_Madhya Pradesh,Morena,0.0,0,0.0,0.0,0,0.0,0.0,0.0,0.0,0.0,2022-01-16 11:55:21.722648
316,MP,Madhya Pradesh,MP_Madhya Pradesh,Narsinghpur,0.0,0,0.0,0.0,0,0.0,0.0,0.0,0.0,0.0,2022-01-16 11:55:21.722648
317,MP,Madhya Pradesh,MP_Madhya Pradesh,Neemuch,0.0,0,0.0,0.0,0,0.0,0.0,0.0,0.0,0.0,2022-01-16 11:55:21.722648
318,MP,Madhya Pradesh,MP_Madhya Pradesh,Niwari,0.0,0,0.0,0.0,0,0.0,0.0,0.0,0.0,0.0,2022-01-16 11:55:21.722648
319,MP,Madhya Pradesh,MP_Madhya Pradesh,Other Region,0.0,0,0.0,0.0,0,0.0,0.0,0.0,0.0,0.0,2022-01-16 11:55:21.722648
320,MP,Madhya Pradesh,MP_Madhya Pradesh,Panna,0.0,0,0.0,0.0,0,0.0,0.0,0.0,0.0,0.0,2022-01-16 11:55:21.722648
321,MP,Madhya Pradesh,MP_Madhya Pradesh,Raisen,0.0,0,0.0,0.0,0,0.0,0.0,0.0,0.0,0.0,2022-01-16 11:55:21.722648
322,MP,Madhya Pradesh,MP_Madhya Pradesh,Rajgarh,0.0,0,0.0,0.0,0,0.0,0.0,0.0,0.0,0.0,2022-01-16 11:55:21.722648
323,MP,Madhya Pradesh,MP_Madhya Pradesh,Ratlam,0.0,0,0.0,0.0,0,0.0,0.0,0.0,0.0,0.0,2022-01-16 11:55:21.722648
324,MP,Madhya Pradesh,MP_Madhya Pradesh,Rewa,0.0,0,0.0,0.0,0,0.0,0.0,0.0,0.0,0.0,2022-01-16 11:55:21.722648
325,MP,Madhya Pradesh,MP_Madhya Pradesh,Sagar,0.0,0,0.0,0.0,0,0.0,0.0,0.0,0.0,0.0,2022-01-16 11:55:21.722648
326,MP,Madhya Pradesh,MP_Madhya Pradesh,Satna,0.0,0,0.0,0.0,0,0.0,0.0,0.0,0.0,0.0,2022-01-16 11:55:21.722648
327,MP,Madhya Pradesh,MP_Madhya Pradesh,Sehore,0.0,0,0.0,0.0,0,0.0,0.0,0.0,0.0,0.0,2022-01-16 11:55:21.722648
328,MP,Madhya Pradesh,MP_Madhya Pradesh,Seoni,0.0,0,0.0,0.0,0,0.0,0.0,0.0,0.0,0.0,2022-01-16 11:55:21.722648
329,MP,Madhya Pradesh,MP_Madhya Pradesh,Shahdol,0.0,0,0.0,0.0,0,0.0,0.0,0.0,0.0,0.0,2022-01-16 11:55:21.722648
330,MP,Madhya Pradesh,MP_Madhya Pradesh,Shajapur,0.0,0,0.0,0.0,0,0.0,0.0,0.0,0.0,0.0,2022-01-16 11:55:21.722648
331,MP,Madhya Pradesh,MP_Madhya Pradesh,Sheopur,0.0,0,0.0,0.0,0,0.0,0.0,0.0,0.0,0.0,2022-01-16 11:55:21.722648
332,MP,Madhya Pradesh,MP_Madhya Pradesh,Shivpuri,0.0,0,0.0,0.0,0,0.0,0.0,0.0,0.0,0.0,2022-01-16 11:55:21.722648
333,MP,Madhya Pradesh,MP_Madhya Pradesh,Sidhi,0.0,0,0.0,0.0,0,0.0,0.0,0.0,0.0,0.0,2022-01-16 11:55:21.722648
334,MP,Madhya Pradesh,MP_Madhya Pradesh,Singrauli,0.0,0,0.0,0.0,0,0.0,0.0,0.0,0.0,0.0,2022-01-16 11:55:21.722648
335,MP,Madhya Pradesh,MP_Madhya Pradesh,Tikamgarh,0.0,0,0.0,0.0,0,0.0,0.0,0.0,0.0,0.0,2022-01-16 11:55:21.722648
336,MP,Madhya Pradesh,MP_Madhya Pradesh,Ujjain,0.0,0,0.0,0.0,0,0.0,0.0,0.0,0.0,0.0,2022-01-16 11:55:21.722648
337,MP,Madhya Pradesh,MP_Madhya Pradesh,Umaria,0.0,0,0.0,0.0,0,0.0,0.0,0.0,0.0,0.0,2022-01-16 11:55:21.722648
338,MP,Madhya Pradesh,MP_Madhya Pradesh,Unknown,824543.0,25516,788484.0,10543.0,0,5315.0,4129.0,1186.0,0.0,0.0,2022-01-16 11:55:21.722648
339,MP,Madhya Pradesh,MP_Madhya Pradesh,Vidisha,0.0,0,0.0,0.0,0,0.0,0.0,0.0,0.0,0.0,2022-01-16 11:55:21.722648
340,MH,Maharashtra,MH_Maharashtra,Ahmednagar,347182.0,3132,336882.0,7168.0,0,0.0,0.0,0.0,0.0,0.0,2022-01-16 11:55:21.722648
341,MH,Maharashtra,MH_Maharashtra,Akola,60217.0,1181,57608.0,1428.0,0,0.0,0.0,0.0,0.0,0.0,2022-01-16 11:55:21.722648
342,MH,Maharashtra,MH_Maharashtra,Amravati,97040.0,739,94703.0,1598.0,0,0.0,0.0,0.0,0.0,0.0,2022-01-16 11:55:21.722648
343,MH,Maharashtra,MH_Maharashtra,Aurangabad,159191.0,2329,152597.0,4265.0,0,0.0,0.0,0.0,0.0,0.0,2022-01-16 11:55:21.722648
344,MH,Maharashtra,MH_Maharashtra,Beed,104551.0,260,101448.0,2843.0,0,0.0,0.0,0.0,0.0,0.0,2022-01-16 11:55:21.722648
345,MH,Maharashtra,MH_Maharashtra,Bhandara,60536.0,403,59009.0,1124.0,0,0.0,0.0,0.0,0.0,0.0,2022-01-16 11:55:21.722648
346,MH,Maharashtra,MH_Maharashtra,Buldhana,86033.0,396,84825.0,812.0,0,0.0,0.0,0.0,0.0,0.0,2022-01-16 11:55:21.722648
347,MH,Maharashtra,MH_Maharashtra,Chandrapur,90249.0,1088,87595.0,1566.0,0,0.0,0.0,0.0,0.0,0.0,2022-01-16 11:55:21.722648
348,MH,Maharashtra,MH_Maharashtra,Dhule,46728.0,490,45581.0,657.0,0,0.0,0.0,0.0,0.0,0.0,2022-01-16 11:55:21.722648
349,MH,Maharashtra,MH_Maharashtra,Gadchiroli,31042.0,478,29895.0,669.0,0,0.0,0.0,0.0,0.0,0.0,2022-01-16 11:55:21.722648
350,MH,Maharashtra,MH_Maharashtra,Gondia,41327.0,632,40124.0,571.0,0,0.0,0.0,0.0,0.0,0.0,2022-01-16 11:55:21.722648
351,MH,Maharashtra,MH_Maharashtra,Hingoli,18645.0,28,18109.0,508.0,0,0.0,0.0,0.0,0.0,0.0,2022-01-16 11:55:21.722648
352,MH,Maharashtra,MH_Maharashtra,Jalgaon,141202.0,1248,137238.0,2716.0,0,0.0,0.0,0.0,0.0,0.0,2022-01-16 11:55:21.722648
353,MH,Maharashtra,MH_Maharashtra,Jalna,61364.0,466,59681.0,1217.0,0,0.0,0.0,0.0,0.0,0.0,2022-01-16 11:55:21.722648
354,MH,Maharashtra,MH_Maharashtra,Kolhapur,209283.0,1697,201733.0,5853.0,0,0.0,0.0,0.0,0.0,0.0,2022-01-16 11:55:21.722648
355,MH,Maharashtra,MH_Maharashtra,Latur,94540.0,1436,90656.0,2448.0,0,0.0,0.0,0.0,0.0,0.0,2022-01-16 11:55:21.722648
356,MH,Maharashtra,MH_Maharashtra,Mumbai,979256.0,86966,875855.0,16435.0,0,0.0,0.0,0.0,0.0,0.0,2022-01-16 11:55:21.722648
357,MH,Maharashtra,MH_Maharashtra,Mumbai Suburban,0.0,0,0.0,0.0,0,0.0,0.0,0.0,0.0,0.0,2022-01-16 11:55:21.722648
358,MH,Maharashtra,MH_Maharashtra,Nagpur,504587.0,7374,488083.0,9130.0,0,0.0,0.0,0.0,0.0,0.0,2022-01-16 11:55:21.722648
359,MH,Maharashtra,MH_Maharashtra,Nanded,92625.0,1868,88097.0,2660.0,0,0.0,0.0,0.0,0.0,0.0,2022-01-16 11:55:21.722648
360,MH,Maharashtra,MH_Maharashtra,Nandurbar,40444.0,369,39127.0,948.0,0,0.0,0.0,0.0,0.0,0.0,2022-01-16 11:55:21.722648
361,MH,Maharashtra,MH_Maharashtra,Nashik,425915.0,7825,409326.0,8764.0,0,0.0,0.0,0.0,0.0,0.0,2022-01-16 11:55:21.722648
362,MH,Maharashtra,MH_Maharashtra,Osmanabad,68935.0,753,66190.0,1992.0,0,0.0,0.0,0.0,0.0,0.0,2022-01-16 11:55:21.722648
363,MH,Maharashtra,MH_Maharashtra,Other State,144.0,2,31.0,111.0,0,0.0,0.0,0.0,0.0,0.0,2022-01-16 11:55:21.722648
364,MH,Maharashtra,MH_Maharashtra,Palghar,153983.0,10562,140079.0,3342.0,0,0.0,0.0,0.0,0.0,0.0,2022-01-16 11:55:21.722648
365,MH,Maharashtra,MH_Maharashtra,Parbhani,53030.0,445,51349.0,1236.0,0,0.0,0.0,0.0,0.0,0.0,2022-01-16 11:55:21.722648
366,MH,Maharashtra,MH_Maharashtra,Pune,1232646.0,43911,1168850.0,19885.0,0,0.0,0.0,0.0,0.0,0.0,2022-01-16 11:55:21.722648
367,MH,Maharashtra,MH_Maharashtra,Raigad,219765.0,13776,201154.0,4835.0,0,0.0,0.0,0.0,0.0,0.0,2022-01-16 11:55:21.722648
368,MH,Maharashtra,MH_Maharashtra,Ratnagiri,80768.0,965,77305.0,2498.0,0,0.0,0.0,0.0,0.0,0.0,2022-01-16 11:55:21.722648
369,MH,Maharashtra,MH_Maharashtra,Sangli,212675.0,1616,205424.0,5635.0,0,0.0,0.0,0.0,0.0,0.0,2022-01-16 11:55:21.722648
370,MH,Maharashtra,MH_Maharashtra,Satara,256391.0,2958,246930.0,6503.0,0,0.0,0.0,0.0,0.0,0.0,2022-01-16 11:55:21.722648
371,MH,Maharashtra,MH_Maharashtra,Sindhudurg,54105.0,1016,51639.0,1450.0,0,0.0,0.0,0.0,0.0,0.0,2022-01-16 11:55:21.722648
372,MH,Maharashtra,MH_Maharashtra,Solapur,213420.0,1328,206475.0,5617.0,0,0.0,0.0,0.0,0.0,0.0,2022-01-16 11:55:21.722648
373,MH,Maharashtra,MH_Maharashtra,Thane,709680.0,66014,632049.0,11617.0,0,0.0,0.0,0.0,0.0,0.0,2022-01-16 11:55:21.722648
374,MH,Maharashtra,MH_Maharashtra,Unknown,46205.0,2793,43389.0,23.0,0,0.0,0.0,0.0,0.0,0.0,2022-01-16 11:55:21.722648
375,MH,Maharashtra,MH_Maharashtra,Wardha,58188.0,942,56028.0,1218.0,0,0.0,0.0,0.0,0.0,0.0,2022-01-16 11:55:21.722648
376,MH,Maharashtra,MH_Maharashtra,Washim,41949.0,221,41091.0,637.0,0,0.0,0.0,0.0,0.0,0.0,2022-01-16 11:55:21.722648
377,MH,Maharashtra,MH_Maharashtra,Yavatmal,76642.0,483,74359.0,1800.0,0,0.0,0.0,0.0,0.0,0.0,2022-01-16 11:55:21.722648
378,MN,Manipur,MN_Manipur,Bishnupur,9280,9085,0.0,195,0,4,4.0,0.0,0,0.0,2022-01-15 23:56:07.461579
379,MN,Manipur,MN_Manipur,Chandel,2443,2402,0.0,41,0,5,5.0,0.0,0,0.0,2022-01-15 23:56:07.461599
380,MN,Manipur,MN_Manipur,Churachandpur,10378,10215,0.0,163,0,39,39.0,0.0,0,0.0,2022-01-15 23:56:07.461601
381,MN,Manipur,MN_Manipur,Imphal East,28184,27702,0.0,482,0,38,38.0,0.0,0,0.0,2022-01-15 23:56:07.461602
382,MN,Manipur,MN_Manipur,Imphal West,44552,43876,0.0,676,0,50,49.0,0.0,1,0.0,2022-01-15 23:56:07.461604
383,MN,Manipur,MN_Manipur,Jiribam,1048,1041,0.0,7,0,0,0.0,0.0,0,0.0,2022-01-15 23:56:07.461605
384,MN,Manipur,MN_Manipur,Kakching,6482,6366,0.0,116,0,4,4.0,0.0,0,0.0,2022-01-15 23:56:07.461606
385,MN,Manipur,MN_Manipur,Kamjong,993,988,0.0,5,0,1,1.0,0.0,0,0.0,2022-01-15 23:56:07.461608
386,MN,Manipur,MN_Manipur,Kangpokpi,2804,2740,0.0,64,0,3,2.0,0.0,1,0.0,2022-01-15 23:56:07.461608
387,MN,Manipur,MN_Manipur,Noney,1097,1093,0.0,4,0,0,0.0,0.0,0,0.0,2022-01-15 23:56:07.461611
388,MN,Manipur,MN_Manipur,Pherzawl,464,464,0.0,0,0,0,0.0,0.0,0,0.0,2022-01-15 23:56:07.461612
389,MN,Manipur,MN_Manipur,Senapati,2290,2280,0.0,10,0,5,5.0,0.0,0,0.0,2022-01-15 23:56:07.461614
390,MN,Manipur,MN_Manipur,Tamenglong,3290,3276,0.0,14,0,0,0.0,0.0,0,0.0,2022-01-15 23:56:07.461615
391,MN,Manipur,MN_Manipur,Tengnoupal,1086,1073,0.0,13,0,1,1.0,0.0,0,0.0,2022-01-15 23:56:07.461616
392,MN,Manipur,MN_Manipur,Thoubal,9555,9376,0.0,179,0,6,6.0,0.0,0,0.0,2022-01-15 23:56:07.461618
393,MN,Manipur,MN_Manipur,Ukhrul,3033,2988,0.0,45,0,2,2.0,0.0,0,0.0,2022-01-15 23:56:07.461619
394,ML,Meghalaya,ML_Meghalaya,East Garo Hills,1919.0,1,1902.0,16.0,0,0.0,0.0,0.0,0.0,0.0,2022-01-16 11:55:21.722648
395,ML,Meghalaya,ML_Meghalaya,East Jaintia Hills,2457.0,7,2418.0,32.0,0,0.0,0.0,0.0,0.0,0.0,2022-01-16 11:55:21.722648
396,ML,Meghalaya,ML_Meghalaya,East Khasi Hills,42887.0,711,41163.0,1013.0,0,0.0,0.0,0.0,0.0,0.0,2022-01-16 11:55:21.722648
397,ML,Meghalaya,ML_Meghalaya,North Garo Hills,1688.0,2,1678.0,8.0,0,0.0,0.0,0.0,0.0,0.0,2022-01-16 11:55:21.722648
398,ML,Meghalaya,ML_Meghalaya,Ribhoi,0.0,0,0.0,0.0,0,0.0,0.0,0.0,0.0,0.0,2022-01-16 11:55:21.722648
399,ML,Meghalaya,ML_Meghalaya,South Garo Hills,1221.0,3,1206.0,12.0,0,0.0,0.0,0.0,0.0,0.0,2022-01-16 11:55:21.722648
400,ML,Meghalaya,ML_Meghalaya,South West Garo Hills,1873.0,0,1855.0,18.0,0,0.0,0.0,0.0,0.0,0.0,2022-01-16 11:55:21.722648
401,ML,Meghalaya,ML_Meghalaya,South West Khasi Hills,2559.0,9,2533.0,17.0,0,0.0,0.0,0.0,0.0,0.0,2022-01-16 11:55:21.722648
402,ML,Meghalaya,ML_Meghalaya,Unknown,162.0,93,69.0,0.0,0,0.0,0.0,0.0,0.0,0.0,2022-01-16 11:55:21.722648
403,ML,Meghalaya,ML_Meghalaya,West Garo Hills,9202.0,81,9048.0,73.0,0,0.0,0.0,0.0,0.0,0.0,2022-01-16 11:55:21.722648
404,ML,Meghalaya,ML_Meghalaya,West Jaintia Hills,6844.0,15,6693.0,136.0,0,0.0,0.0,0.0,0.0,0.0,2022-01-16 11:55:21.722648
405,ML,Meghalaya,ML_Meghalaya,West Khasi Hills,5532.0,11,5446.0,75.0,0,0.0,0.0,0.0,0.0,0.0,2022-01-16 11:55:21.722648
406,MZ,Mizoram,MZ_Mizoram,Aizawl,0.0,0,0.0,0.0,0,0.0,0.0,0.0,0.0,0.0,2022-01-16 11:55:21.722648
407,MZ,Mizoram,MZ_Mizoram,Champhai,0.0,0,0.0,0.0,0,0.0,0.0,0.0,0.0,0.0,2022-01-16 11:55:21.722648
408,MZ,Mizoram,MZ_Mizoram,Hnahthial,0.0,0,0.0,0.0,0,0.0,0.0,0.0,0.0,0.0,2022-01-16 11:55:21.722648
409,MZ,Mizoram,MZ_Mizoram,Khawzawl,0.0,0,0.0,0.0,0,0.0,0.0,0.0,0.0,0.0,2022-01-16 11:55:21.722648
410,MZ,Mizoram,MZ_Mizoram,Kolasib,0.0,0,0.0,0.0,0,0.0,0.0,0.0,0.0,0.0,2022-01-16 11:55:21.722648
411,MZ,Mizoram,MZ_Mizoram,Lawngtlai,0.0,0,0.0,0.0,0,0.0,0.0,0.0,0.0,0.0,2022-01-16 11:55:21.722648
412,MZ,Mizoram,MZ_Mizoram,Lunglei,0.0,0,0.0,0.0,0,0.0,0.0,0.0,0.0,0.0,2022-01-16 11:55:21.722648
413,MZ,Mizoram,MZ_Mizoram,Mamit,0.0,0,0.0,0.0,0,0.0,0.0,0.0,0.0,0.0,2022-01-16 11:55:21.722648
414,MZ,Mizoram,MZ_Mizoram,Saiha,0.0,0,0.0,0.0,0,0.0,0.0,0.0,0.0,0.0,2022-01-16 11:55:21.722648
415,MZ,Mizoram,MZ_Mizoram,Saitual,0.0,0,0.0,0.0,0,0.0,0.0,0.0,0.0,0.0,2022-01-16 11:55:21.722648
416,MZ,Mizoram,MZ_Mizoram,Serchhip,0.0,0,0.0,0.0,0,0.0,0.0,0.0,0.0,0.0,2022-01-16 11:55:21.722648
417,MZ,Mizoram,MZ_Mizoram,Unknown,152255.0,8921,142764.0,570.0,0,875.0,396.0,477.0,2.0,0.0,2022-01-16 11:55:21.722648
418,NL,Nagaland,NL_Nagaland,Dimapur,15480,335,14713,432,0,51,25,26,0,0.0,2022-01-15T23:56:09.686428+05:30
419,NL,Nagaland,NL_Nagaland,Kiphire,267,0,258,9,0,0,0,0,0,0.0,2022-01-15T23:56:09.686428+05:30
420,NL,Nagaland,NL_Nagaland,Kohima,9550,36,9388,126,0,5,5,0,0,0.0,2022-01-15T23:56:09.686428+05:30
421,NL,Nagaland,NL_Nagaland,Longleng,307,0,305,2,0,0,0,0,0,0.0,2022-01-15T23:56:09.686428+05:30
422,NL,Nagaland,NL_Nagaland,Mokokchung,2385,4,2325,56,0,0,0,0,0,0.0,2022-01-15T23:56:09.686428+05:30
423,NL,Nagaland,NL_Nagaland,Mon,1160,0,1146,14,0,0,0,0,0,0.0,2022-01-15T23:56:09.686428+05:30
424,NL,Nagaland,NL_Nagaland,Peren,929,5,918,6,0,2,2,0,0,0.0,2022-01-15T23:56:09.686428+05:30
425,NL,Nagaland,NL_Nagaland,Phek,606,2,586,18,0,1,1,0,0,0.0,2022-01-15T23:56:09.686428+05:30
426,NL,Nagaland,NL_Nagaland,Tuensang,1117,15,1089,13,0,0,0,0,0,0.0,2022-01-15T23:56:09.686428+05:30
427,NL,Nagaland,NL_Nagaland,Wokha,407,4,392,11,0,0,0,0,0,0.0,2022-01-15T23:56:09.686428+05:30
428,NL,Nagaland,NL_Nagaland,Zunheboto,626,3,607,16,0,0,0,0,0,0.0,2022-01-15T23:56:09.686428+05:30
429,OR,Odisha,OR_Odisha,Angul,44576,426,43751,399,0,104,69,35,0,0.0,2022-01-15 23:56:09.810073
430,OR,Odisha,OR_Odisha,Balangir,24864,1374,23362,128,0,259,253,6,0,0.0,2022-01-15 23:56:09.810073
431,OR,Odisha,OR_Odisha,Balasore,43172,2016,40855,301,0,326,324,2,0,0.0,2022-01-15 23:56:09.810073
432,OR,Odisha,OR_Odisha,Bargarh,32058,828,30889,341,0,145,124,21,0,0.0,2022-01-15 23:56:09.810073
433,OR,Odisha,OR_Odisha,Bhadrak,27228,600,26479,149,0,101,94,7,0,0.0,2022-01-15 23:56:09.810073
434,OR,Odisha,OR_Odisha,Boudh,12797,136,12549,112,0,38,38,0,0,0.0,2022-01-15 23:56:09.810073
435,OR,Odisha,OR_Odisha,Cuttack,101172,4320,95991,861,0,909,563,346,0,0.0,2022-01-15 23:56:09.810073
436,OR,Odisha,OR_Odisha,Deogarh,6941,168,6723,50,0,24,4,20,0,0.0,2022-01-15 23:56:09.810073
437,OR,Odisha,OR_Odisha,Dhenkanal,20422,323,19853,246,0,69,61,8,0,0.0,2022-01-15 23:56:09.810073
438,OR,Odisha,OR_Odisha,Gajapati,10314,504,9727,83,0,135,107,28,0,0.0,2022-01-15 23:56:09.810073
439,OR,Odisha,OR_Odisha,Ganjam,34809,730,33596,483,0,139,119,20,0,0.0,2022-01-15 23:56:09.810073
440,OR,Odisha,OR_Odisha,Jagatsinghpur,28988,779,27888,321,0,222,201,20,1,0.0,2022-01-15 23:56:09.810073
441,OR,Odisha,OR_Odisha,Jajpur,45481,1194,44113,174,0,210,180,30,0,0.0,2022-01-15 23:56:09.810073
442,OR,Odisha,OR_Odisha,Jharsuguda,25735,1097,24459,179,0,211,-43,254,0,0.0,2022-01-15 23:56:09.810073
443,OR,Odisha,OR_Odisha,Kalahandi,25082,723,24147,212,0,144,130,14,0,0.0,2022-01-15 23:56:09.810073
444,OR,Odisha,OR_Odisha,Kandhamal,11721,150,11488,83,0,42,36,6,0,0.0,2022-01-15 23:56:09.810073
445,OR,Odisha,OR_Odisha,Kendrapara,25426,323,24848,255,0,75,73,2,0,0.0,2022-01-15 23:56:09.810073
446,OR,Odisha,OR_Odisha,Kendujhar,21789,541,21074,174,0,84,30,54,0,0.0,2022-01-15 23:56:09.810073
447,OR,Odisha,OR_Odisha,Khordha,202878,19421,181849,1608,0,3087,2483,604,0,0.0,2022-01-15 23:56:09.810073
448,OR,Odisha,OR_Odisha,Koraput,20184,860,19244,80,0,165,102,63,0,0.0,2022-01-15 23:56:09.810073
449,OR,Odisha,OR_Odisha,Malkangiri,11828,142,11640,46,0,54,54,0,0,0.0,2022-01-15 23:56:09.810073
450,OR,Odisha,OR_Odisha,Mayurbhanj,43534,1842,41404,288,0,376,263,113,0,0.0,2022-01-15 23:56:09.810073
451,OR,Odisha,OR_Odisha,Nabarangapur,24385,587,23714,84,0,106,-63,169,0,0.0,2022-01-15 23:56:09.810073
452,OR,Odisha,OR_Odisha,Nayagarh,24194,549,23433,212,0,145,142,3,0,0.0,2022-01-15 23:56:09.810073
453,OR,Odisha,OR_Odisha,Nuapada,23356,412,22858,86,0,75,75,0,0,0.0,2022-01-15 23:56:09.810073
454,OR,Odisha,OR_Odisha,Puri,47330,1468,45400,462,0,198,143,54,1,0.0,2022-01-15 23:56:09.810073
455,OR,Odisha,OR_Odisha,Rayagada,21019,734,20118,167,0,156,156,0,0,0.0,2022-01-15 23:56:09.810073
456,OR,Odisha,OR_Odisha,Sambalpur,37006,3889,32877,240,0,500,128,372,0,0.0,2022-01-15 23:56:09.810073
457,OR,Odisha,OR_Odisha,Subarnapur,13860,519,13280,61,0,102,44,58,0,0.0,2022-01-15 23:56:09.810073
458,OR,Odisha,OR_Odisha,Sundargarh,72297,7615,64089,593,0,1943,1181,762,0,0.0,2022-01-15 23:56:09.810073
459,PB,Punjab,PB_Punjab,Amritsar,49892,2227,46065,1600,0,0,0,0,0,0.0,2022-01-16 11:55:21.722648
460,PB,Punjab,PB_Punjab,Barnala,6134,176,5710,248,0,0,0,0,0,0.0,2022-01-16 11:55:21.722648
461,PB,Punjab,PB_Punjab,Bathinda,43090,1149,40888,1053,0,0,0,0,0,0.0,2022-01-16 11:55:21.722648
462,PB,Punjab,PB_Punjab,Faridkot,14291,306,13664,321,0,0,0,0,0,0.0,2022-01-16 11:55:21.722648
463,PB,Punjab,PB_Punjab,Fatehgarh Sahib,9830,631,8860,339,0,0,0,0,0,0.0,2022-01-16 11:55:21.722648
464,PB,Punjab,PB_Punjab,Fazilka,20470,170,19768,532,0,0,0,0,0,0.0,2022-01-16 11:55:21.722648
465,PB,Punjab,PB_Punjab,Ferozepur,14884,388,13992,504,0,0,0,0,0,0.0,2022-01-16 11:55:21.722648
466,PB,Punjab,PB_Punjab,Gurdaspur,23329,754,21767,808,0,0,0,0,0,0.0,2022-01-16 11:55:21.722648
467,PB,Punjab,PB_Punjab,Hoshiarpur,32437,1348,30087,1002,0,0,0,0,0,0.0,2022-01-16 11:55:21.722648
468,PB,Punjab,PB_Punjab,Jalandhar,66369,2181,62684,1504,0,0,0,0,0,0.0,2022-01-16 11:55:21.722648
469,PB,Punjab,PB_Punjab,Kapurthala,18558,558,17444,556,0,0,0,0,0,0.0,2022-01-16 11:55:21.722648
470,PB,Punjab,PB_Punjab,Ludhiana,92141,4256,85759,2126,0,0,0,0,0,0.0,2022-01-16 11:55:21.722648
471,PB,Punjab,PB_Punjab,Mansa,15768,149,15237,382,0,0,0,0,0,0.0,2022-01-16 11:55:21.722648
472,PB,Punjab,PB_Punjab,Moga,8936,212,8490,234,0,0,0,0,0,0.0,2022-01-16 11:55:21.722648
473,PB,Punjab,PB_Punjab,Pathankot,21155,1469,19250,436,0,0,0,0,0,0.0,2022-01-16 11:55:21.722648
474,PB,Punjab,PB_Punjab,Patiala,55795,4620,49798,1377,0,0,0,0,0,0.0,2022-01-16 11:55:21.722648
475,PB,Punjab,PB_Punjab,Rupnagar,13762,692,12642,428,0,0,0,0,0,0.0,2022-01-16 11:55:21.722648
476,PB,Punjab,PB_Punjab,S.A.S. Nagar,74065,4363,68624,1078,0,0,0,0,0,0.0,2022-01-16 11:55:21.722648
477,PB,Punjab,PB_Punjab,Sangrur,16194,403,14913,878,0,0,0,0,0,0.0,2022-01-16 11:55:21.722648
478,PB,Punjab,PB_Punjab,Shahid Bhagat Singh Nagar,11743,238,11115,390,0,0,0,0,0,0.0,2022-01-16 11:55:21.722648
479,PB,Punjab,PB_Punjab,Sri Muktsar Sahib,18986,165,18296,525,0,0,0,0,0,0.0,2022-01-16 11:55:21.722648
480,PB,Punjab,PB_Punjab,Tarn Taran,8414,326,7707,381,0,0,0,0,0,0.0,2022-01-16 11:55:21.722648
481,PB,Punjab,PB_Punjab,Unknown,20306,10765,9489,52,0,6813,3243,3547,23,0.0,2022-01-16 11:55:21.722648
482,RJ,Rajasthan,RJ_Rajasthan,Ajmer,40269,1803,38055,411,0,407,216,191,0,0.0,2022-01-15T23:56:11.994929+05:30
483,RJ,Rajasthan,RJ_Rajasthan,Alwar,65220,4757,60154,309,0,1059,892,167,0,0.0,2022-01-15T23:56:11.994929+05:30
484,RJ,Rajasthan,RJ_Rajasthan,Banswara,10493,448,9941,104,0,88,87,1,0,0.0,2022-01-15T23:56:11.994929+05:30
485,RJ,Rajasthan,RJ_Rajasthan,Baran,12285,279,11945,61,0,49,47,2,0,0.0,2022-01-15T23:56:11.994929+05:30
486,RJ,Rajasthan,RJ_Rajasthan,Barmer,17303,1665,15450,188,0,268,251,16,1,0.0,2022-01-15T23:56:11.994929+05:30
487,RJ,Rajasthan,RJ_Rajasthan,Bharatpur,22482,2523,19699,260,0,506,361,145,0,0.0,2022-01-15T23:56:11.994929+05:30
488,RJ,Rajasthan,RJ_Rajasthan,Bhilwara,31345,1334,29855,156,0,240,144,96,0,0.0,2022-01-15T23:56:11.994929+05:30
489,RJ,Rajasthan,RJ_Rajasthan,Bikaner,43831,2743,40541,547,0,428,195,232,1,0.0,2022-01-15T23:56:11.994929+05:30
490,RJ,Rajasthan,RJ_Rajasthan,Bundi,8152,175,7929,48,0,20,10,10,0,0.0,2022-01-15T23:56:11.994929+05:30
491,RJ,Rajasthan,RJ_Rajasthan,Chittorgarh,21429,1193,20097,139,0,276,137,139,0,0.0,2022-01-15T23:56:11.994929+05:30
492,RJ,Rajasthan,RJ_Rajasthan,Churu,17269,493,16668,108,0,74,35,39,0,0.0,2022-01-15T23:56:11.994929+05:30
493,RJ,Rajasthan,RJ_Rajasthan,Dausa,14020,632,13325,63,0,81,64,17,0,0.0,2022-01-15T23:56:11.994929+05:30
494,RJ,Rajasthan,RJ_Rajasthan,Dholpur,11339,313,10978,48,0,113,106,7,0,0.0,2022-01-15T23:56:11.994929+05:30
495,RJ,Rajasthan,RJ_Rajasthan,Dungarpur,19081,570,18380,131,0,194,154,40,0,0.0,2022-01-15T23:56:11.994929+05:30
496,RJ,Rajasthan,RJ_Rajasthan,Ganganagar,19942,475,19316,151,0,105,89,16,0,0.0,2022-01-15T23:56:11.994929+05:30
497,RJ,Rajasthan,RJ_Rajasthan,Hanumangarh,17200,1083,16006,111,0,268,253,15,0,0.0,2022-01-15T23:56:11.994929+05:30
498,RJ,Rajasthan,RJ_Rajasthan,Jaipur,214609,20123,192503,1983,0,1973,445,1527,1,0.0,2022-01-15T23:56:11.994929+05:30
499,RJ,Rajasthan,RJ_Rajasthan,Jaisalmer,14325,656,13603,66,0,130,114,16,0,0.0,2022-01-15T23:56:11.994929+05:30
500,RJ,Rajasthan,RJ_Rajasthan,Jalore,10070,2,9996,72,0,0,0,0,0,0.0,2022-01-15T23:56:11.994929+05:30
501,RJ,Rajasthan,RJ_Rajasthan,Jhalawar,14179,412,13578,189,0,110,46,62,2,0.0,2022-01-15T23:56:11.994929+05:30
502,RJ,Rajasthan,RJ_Rajasthan,Jhunjhunu,15256,410,14685,161,0,153,153,0,0,0.0,2022-01-15T23:56:11.994929+05:30
503,RJ,Rajasthan,RJ_Rajasthan,Jodhpur,119303,4344,113853,1106,0,861,264,597,0,0.0,2022-01-15T23:56:11.994929+05:30
504,RJ,Rajasthan,RJ_Rajasthan,Karauli,7189,25,7093,71,0,20,20,0,0,0.0,2022-01-15T23:56:11.994929+05:30
505,RJ,Rajasthan,RJ_Rajasthan,Kota,60378,3000,56928,450,0,394,294,100,0,0.0,2022-01-15T23:56:11.994929+05:30
506,RJ,Rajasthan,RJ_Rajasthan,Nagaur,18262,400,17683,179,0,90,41,49,0,0.0,2022-01-15T23:56:11.994929+05:30
507,RJ,Rajasthan,RJ_Rajasthan,Other State,337,0,298,39,0,0,0,0,0,0.0,2022-01-15T23:56:11.994929+05:30
508,RJ,Rajasthan,RJ_Rajasthan,Pali,28565,1225,27053,287,0,282,282,0,0,0.0,2022-01-15T23:56:11.994929+05:30
509,RJ,Rajasthan,RJ_Rajasthan,Pratapgarh,7686,430,7193,63,0,35,3,32,0,0.0,2022-01-15T23:56:11.994929+05:30
510,RJ,Rajasthan,RJ_Rajasthan,Rajsamand,17528,460,16898,170,0,92,90,2,0,0.0,2022-01-15T23:56:11.994929+05:30
511,RJ,Rajasthan,RJ_Rajasthan,Sawai Madhopur,11726,1003,10662,61,0,206,139,67,0,0.0,2022-01-15T23:56:11.994929+05:30
512,RJ,Rajasthan,RJ_Rajasthan,Sikar,31908,1125,30444,339,0,198,114,83,1,0.0,2022-01-15T23:56:11.994929+05:30
513,RJ,Rajasthan,RJ_Rajasthan,Sirohi,14422,628,13714,80,0,111,95,15,1,0.0,2022-01-15T23:56:11.994929+05:30
514,RJ,Rajasthan,RJ_Rajasthan,Tonk,9991,452,9447,92,0,79,61,18,0,0.0,2022-01-15T23:56:11.994929+05:30
515,RJ,Rajasthan,RJ_Rajasthan,Udaipur,60596,3247,56593,756,0,766,453,312,1,0.0,2022-01-15T23:56:11.994929+05:30
516,SK,Sikkim,SK_Sikkim,East Sikkim,0.0,0,0.0,0.0,0,0.0,0.0,0.0,0.0,0.0,2022-01-16 11:55:21.722648
517,SK,Sikkim,SK_Sikkim,North Sikkim,0.0,0,0.0,0.0,0,0.0,0.0,0.0,0.0,0.0,2022-01-16 11:55:21.722648
518,SK,Sikkim,SK_Sikkim,South Sikkim,0.0,0,0.0,0.0,0,0.0,0.0,0.0,0.0,0.0,2022-01-16 11:55:21.722648
519,SK,Sikkim,SK_Sikkim,Unknown,34399.0,1726,32260.0,413.0,0,369.0,309.0,58.0,2.0,0.0,2022-01-16 11:55:21.722648
520,SK,Sikkim,SK_Sikkim,West Sikkim,0.0,0,0.0,0.0,0,0.0,0.0,0.0,0.0,0.0,2022-01-16 11:55:21.722648
521,TN,Tamil Nadu,TN_Tamil Nadu,Ariyalur,17252,252,16735,265,0,73,63,10,0,0.0,2022-01-15T23:56:15.219702+05:30
522,TN,Tamil Nadu,TN_Tamil Nadu,Chengalpattu,194350,14717,177074,2559,0,2866,1537,1329,0,0.0,2022-01-15T23:56:15.219702+05:30
523,TN,Tamil Nadu,TN_Tamil Nadu,Chennai,634793,54685,571387,8721,0,8805,3708,5091,6,0.0,2022-01-15T23:56:15.219702+05:30
524,TN,Tamil Nadu,TN_Tamil Nadu,Coimbatore,262884,7480,252875,2529,0,1735,1152,582,1,0.0,2022-01-15T23:56:15.219702+05:30
525,TN,Tamil Nadu,TN_Tamil Nadu,Cuddalore,66233,1440,63916,877,0,354,303,51,0,0.0,2022-01-15T23:56:15.219702+05:30
526,TN,Tamil Nadu,TN_Tamil Nadu,Dharmapuri,29833,658,28894,281,0,168,132,36,0,0.0,2022-01-15T23:56:15.219702+05:30
527,TN,Tamil Nadu,TN_Tamil Nadu,Dindigul,33911,436,32822,653,0,92,69,23,0,0.0,2022-01-15T23:56:15.219702+05:30
528,TN,Tamil Nadu,TN_Tamil Nadu,Erode,110329,1970,107645,714,0,541,402,139,0,0.0,2022-01-15T23:56:15.219702+05:30
529,TN,Tamil Nadu,TN_Tamil Nadu,Kallakurichi,32497,713,31574,210,0,124,85,39,0,0.0,2022-01-15T23:56:15.219702+05:30
530,TN,Tamil Nadu,TN_Tamil Nadu,Kancheepuram,81379,4052,76052,1275,0,779,461,318,0,0.0,2022-01-15T23:56:15.219702+05:30
531,TN,Tamil Nadu,TN_Tamil Nadu,Kanyakumari,66617,2909,62641,1067,0,662,521,141,0,0.0,2022-01-15T23:56:15.219702+05:30
532,TN,Tamil Nadu,TN_Tamil Nadu,Karur,25446,363,24716,367,0,74,61,13,0,0.0,2022-01-15T23:56:15.219702+05:30
533,TN,Tamil Nadu,TN_Tamil Nadu,Krishnagiri,45848,1480,44006,362,0,290,198,92,0,0.0,2022-01-15T23:56:15.219702+05:30
534,TN,Tamil Nadu,TN_Tamil Nadu,Madurai,79801,3480,75129,1192,0,539,218,321,0,0.0,2022-01-15T23:56:15.219702+05:30
535,TN,Tamil Nadu,TN_Tamil Nadu,Mayiladuthurai,23834,327,23186,321,0,53,29,24,0,0.0,2022-01-15T23:56:15.219702+05:30
536,TN,Tamil Nadu,TN_Tamil Nadu,Nagapattinam,21850,334,21154,362,0,55,24,31,0,0.0,2022-01-15T23:56:15.219702+05:30
537,TN,Tamil Nadu,TN_Tamil Nadu,Namakkal,55872,1029,54321,522,0,245,199,46,0,0.0,2022-01-15T23:56:15.219702+05:30
538,TN,Tamil Nadu,TN_Tamil Nadu,Nilgiris,35782,1139,34423,220,0,283,214,69,0,0.0,2022-01-15T23:56:15.219702+05:30
539,TN,Tamil Nadu,TN_Tamil Nadu,Perambalur,12826,519,12060,247,0,68,23,45,0,0.0,2022-01-15T23:56:15.219702+05:30
540,TN,Tamil Nadu,TN_Tamil Nadu,Pudukkottai,30725,272,30032,421,0,65,48,17,0,0.0,2022-01-15T23:56:15.219702+05:30
541,TN,Tamil Nadu,TN_Tamil Nadu,Ramanathapuram,21459,639,20460,360,0,139,104,35,0,0.0,2022-01-15T23:56:15.219702+05:30
542,TN,Tamil Nadu,TN_Tamil Nadu,Ranipet,46337,2204,43352,781,0,295,163,131,1,0.0,2022-01-15T23:56:15.219702+05:30
543,TN,Tamil Nadu,TN_Tamil Nadu,Salem,105236,2215,101289,1732,0,431,298,133,0,0.0,2022-01-15T23:56:15.219702+05:30
544,TN,Tamil Nadu,TN_Tamil Nadu,Sivaganga,21144,464,20467,213,0,102,61,41,0,0.0,2022-01-15T23:56:15.219702+05:30
545,TN,Tamil Nadu,TN_Tamil Nadu,Tenkasi,27835,320,27029,486,0,24,-5,29,0,0.0,2022-01-15T23:56:15.219702+05:30
546,TN,Tamil Nadu,TN_Tamil Nadu,Thanjavur,78517,1738,75768,1011,0,437,339,98,0,0.0,2022-01-15T23:56:15.219702+05:30
547,TN,Tamil Nadu,TN_Tamil Nadu,Theni,44435,712,43199,524,0,165,138,27,0,0.0,2022-01-15T23:56:15.219702+05:30
548,TN,Tamil Nadu,TN_Tamil Nadu,Thiruvallur,130239,7299,121063,1877,0,1512,903,607,2,0.0,2022-01-15T23:56:15.219702+05:30
549,TN,Tamil Nadu,TN_Tamil Nadu,Thiruvarur,42638,496,41678,464,0,78,60,18,0,0.0,2022-01-15T23:56:15.219702+05:30
550,TN,Tamil Nadu,TN_Tamil Nadu,Thoothukkudi,59207,1844,56945,418,0,350,155,194,1,0.0,2022-01-15T23:56:15.219702+05:30
551,TN,Tamil Nadu,TN_Tamil Nadu,Tiruchirappalli,82495,2970,78420,1105,0,446,205,241,0,0.0,2022-01-15T23:56:15.219702+05:30
552,TN,Tamil Nadu,TN_Tamil Nadu,Tirunelveli,52299,1995,49866,438,0,175,13,162,0,0.0,2022-01-15T23:56:15.219702+05:30
553,TN,Tamil Nadu,TN_Tamil Nadu,Tirupathur,30538,895,29015,628,0,161,96,65,0,0.0,2022-01-15T23:56:15.219702+05:30
554,TN,Tamil Nadu,TN_Tamil Nadu,Tiruppur,101784,2479,98275,1030,0,670,463,206,1,0.0,2022-01-15T23:56:15.219702+05:30
555,TN,Tamil Nadu,TN_Tamil Nadu,Tiruvannamalai,57245,1579,54991,675,0,326,252,74,0,0.0,2022-01-15T23:56:15.219702+05:30
556,TN,Tamil Nadu,TN_Tamil Nadu,Vellore,53700,2122,50429,1149,0,308,42,267,-1,0.0,2022-01-15T23:56:15.219702+05:30
557,TN,Tamil Nadu,TN_Tamil Nadu,Viluppuram,47281,886,46036,359,0,172,76,96,0,0.0,2022-01-15T23:56:15.219702+05:30
558,TN,Tamil Nadu,TN_Tamil Nadu,Virudhunagar,48765,1827,46388,550,0,327,180,147,0,0.0,2022-01-15T23:56:15.219702+05:30
559,TG,Telangana,TG_Telangana,Adilabad,0.0,0,0.0,0.0,0,0.0,0.0,0.0,0.0,0.0,2022-01-16 11:55:21.722648
560,TG,Telangana,TG_Telangana,Bhadradri Kothagudem,0.0,0,0.0,0.0,0,0.0,0.0,0.0,0.0,0.0,2022-01-16 11:55:21.722648
561,TG,Telangana,TG_Telangana,Foreign Evacuees,0.0,0,0.0,0.0,0,0.0,0.0,0.0,0.0,0.0,2022-01-16 11:55:21.722648
562,TG,Telangana,TG_Telangana,Hyderabad,0.0,0,0.0,0.0,0,0.0,0.0,0.0,0.0,0.0,2022-01-16 11:55:21.722648
563,TG,Telangana,TG_Telangana,Jagtial,0.0,0,0.0,0.0,0,0.0,0.0,0.0,0.0,0.0,2022-01-16 11:55:21.722648
564,TG,Telangana,TG_Telangana,Jangaon,0.0,0,0.0,0.0,0,0.0,0.0,0.0,0.0,0.0,2022-01-16 11:55:21.722648
565,TG,Telangana,TG_Telangana,Jayashankar Bhupalapally,0.0,0,0.0,0.0,0,0.0,0.0,0.0,0.0,0.0,2022-01-16 11:55:21.722648
566,TG,Telangana,TG_Telangana,Jogulamba Gadwal,0.0,0,0.0,0.0,0,0.0,0.0,0.0,0.0,0.0,2022-01-16 11:55:21.722648
567,TG,Telangana,TG_Telangana,Kamareddy,0.0,0,0.0,0.0,0,0.0,0.0,0.0,0.0,0.0,2022-01-16 11:55:21.722648
568,TG,Telangana,TG_Telangana,Karimnagar,0.0,0,0.0,0.0,0,0.0,0.0,0.0,0.0,0.0,2022-01-16 11:55:21.722648
569,TG,Telangana,TG_Telangana,Khammam,0.0,0,0.0,0.0,0,0.0,0.0,0.0,0.0,0.0,2022-01-16 11:55:21.722648
570,TG,Telangana,TG_Telangana,Komaram Bheem,0.0,0,0.0,0.0,0,0.0,0.0,0.0,0.0,0.0,2022-01-16 11:55:21.722648
571,TG,Telangana,TG_Telangana,Mahabubabad,0.0,0,0.0,0.0,0,0.0,0.0,0.0,0.0,0.0,2022-01-16 11:55:21.722648
572,TG,Telangana,TG_Telangana,Mahabubnagar,0.0,0,0.0,0.0,0,0.0,0.0,0.0,0.0,0.0,2022-01-16 11:55:21.722648
573,TG,Telangana,TG_Telangana,Mancherial,0.0,0,0.0,0.0,0,0.0,0.0,0.0,0.0,0.0,2022-01-16 11:55:21.722648
574,TG,Telangana,TG_Telangana,Medak,0.0,0,0.0,0.0,0,0.0,0.0,0.0,0.0,0.0,2022-01-16 11:55:21.722648
575,TG,Telangana,TG_Telangana,Medchal Malkajgiri,0.0,0,0.0,0.0,0,0.0,0.0,0.0,0.0,0.0,2022-01-16 11:55:21.722648
576,TG,Telangana,TG_Telangana,Mulugu,0.0,0,0.0,0.0,0,0.0,0.0,0.0,0.0,0.0,2022-01-16 11:55:21.722648
577,TG,Telangana,TG_Telangana,Nagarkurnool,0.0,0,0.0,0.0,0,0.0,0.0,0.0,0.0,0.0,2022-01-16 11:55:21.722648
578,TG,Telangana,TG_Telangana,Nalgonda,0.0,0,0.0,0.0,0,0.0,0.0,0.0,0.0,0.0,2022-01-16 11:55:21.722648
579,TG,Telangana,TG_Telangana,Narayanpet,0.0,0,0.0,0.0,0,0.0,0.0,0.0,0.0,0.0,2022-01-16 11:55:21.722648
580,TG,Telangana,TG_Telangana,Nirmal,0.0,0,0.0,0.0,0,0.0,0.0,0.0,0.0,0.0,2022-01-16 11:55:21.722648
581,TG,Telangana,TG_Telangana,Nizamabad,0.0,0,0.0,0.0,0,0.0,0.0,0.0,0.0,0.0,2022-01-16 11:55:21.722648
582,TG,Telangana,TG_Telangana,Other State,0.0,0,0.0,0.0,0,0.0,0.0,0.0,0.0,0.0,2022-01-16 11:55:21.722648
583,TG,Telangana,TG_Telangana,Peddapalli,0.0,0,0.0,0.0,0,0.0,0.0,0.0,0.0,0.0,2022-01-16 11:55:21.722648
584,TG,Telangana,TG_Telangana,Rajanna Sircilla,0.0,0,0.0,0.0,0,0.0,0.0,0.0,0.0,0.0,2022-01-16 11:55:21.722648
585,TG,Telangana,TG_Telangana,Ranga Reddy,0.0,0,0.0,0.0,0,0.0,0.0,0.0,0.0,0.0,2022-01-16 11:55:21.722648
586,TG,Telangana,TG_Telangana,Sangareddy,0.0,0,0.0,0.0,0,0.0,0.0,0.0,0.0,0.0,2022-01-16 11:55:21.722648
587,TG,Telangana,TG_Telangana,Siddipet,0.0,0,0.0,0.0,0,0.0,0.0,0.0,0.0,0.0,2022-01-16 11:55:21.722648
588,TG,Telangana,TG_Telangana,Suryapet,0.0,0,0.0,0.0,0,0.0,0.0,0.0,0.0,0.0,2022-01-16 11:55:21.722648
589,TG,Telangana,TG_Telangana,Unknown,707162.0,22017,681091.0,4054.0,0,1963.0,341.0,1620.0,2.0,0.0,2022-01-16 11:55:21.722648
590,TG,Telangana,TG_Telangana,Vikarabad,0.0,0,0.0,0.0,0,0.0,0.0,0.0,0.0,0.0,2022-01-16 11:55:21.722648
591,TG,Telangana,TG_Telangana,Wanaparthy,0.0,0,0.0,0.0,0,0.0,0.0,0.0,0.0,0.0,2022-01-16 11:55:21.722648
592,TG,Telangana,TG_Telangana,Warangal Rural,0.0,0,0.0,0.0,0,0.0,0.0,0.0,0.0,0.0,2022-01-16 11:55:21.722648
593,TG,Telangana,TG_Telangana,Warangal Urban,0.0,0,0.0,0.0,0,0.0,0.0,0.0,0.0,0.0,2022-01-16 11:55:21.722648
594,TG,Telangana,TG_Telangana,Yadadri Bhuvanagiri,0.0,0,0.0,0.0,0,0.0,0.0,0.0,0.0,0.0,2022-01-16 11:55:21.722648
595,TR,Tripura,TR_Tripura,Dhalai,7430,335,7059,36,0,100,90,10,0,0.0,2022-01-16 11:55:02.888271
596,TR,Tripura,TR_Tripura,Gomati,8478,276,8126,76,0,86,81,5,0,0.0,2022-01-16 11:55:02.888271
597,TR,Tripura,TR_Tripura,Khowai,4777,179,4544,54,0,26,17,9,0,0.0,2022-01-16 11:55:02.888271
598,TR,Tripura,TR_Tripura,North Tripura,7738,316,7387,35,0,88,78,10,0,0.0,2022-01-16 11:55:02.888271
599,TR,Tripura,TR_Tripura,Sipahijala,6722,302,6344,76,0,86,72,14,0,0.0,2022-01-16 11:55:02.888271
600,TR,Tripura,TR_Tripura,South Tripura,10600,341,10204,55,0,71,51,20,0,0.0,2022-01-16 11:55:02.888271
601,TR,Tripura,TR_Tripura,Unokoti,9019,353,8598,68,0,136,120,16,0,0.0,2022-01-16 11:55:02.888271
602,TR,Tripura,TR_Tripura,West Tripura,36168,3069,32664,435,0,575,465,107,3,0.0,2022-01-16 11:55:02.888271
603,UT,Uttarakhand,UT_Uttarakhand,Almora,12809,377,12235,197,0,0.0,0.0,0.0,0.0,0.0,2022-01-16 11:55:21.722648
604,UT,Uttarakhand,UT_Uttarakhand,Bageshwar,5954,121,5772,61,0,0.0,0.0,0.0,0.0,0.0,2022-01-16 11:55:21.722648
605,UT,Uttarakhand,UT_Uttarakhand,Chamoli,12490,222,12206,62,0,0.0,0.0,0.0,0.0,0.0,2022-01-16 11:55:21.722648
606,UT,Uttarakhand,UT_Uttarakhand,Champawat,8000,288,7659,53,0,0.0,0.0,0.0,0.0,0.0,2022-01-16 11:55:21.722648
607,UT,Uttarakhand,UT_Uttarakhand,Dehradun,120227,5199,111490,3538,0,0.0,0.0,0.0,0.0,0.0,2022-01-16 11:55:21.722648
608,UT,Uttarakhand,UT_Uttarakhand,Haridwar,54436,2010,51400,1026,0,0.0,0.0,0.0,0.0,0.0,2022-01-16 11:55:21.722648
609,UT,Uttarakhand,UT_Uttarakhand,Nainital,42490,1936,39605,949,0,0.0,0.0,0.0,0.0,0.0,2022-01-16 11:55:21.722648
610,UT,Uttarakhand,UT_Uttarakhand,Pauri Garhwal,18658,361,17978,319,0,0.0,0.0,0.0,0.0,0.0,2022-01-16 11:55:21.722648
611,UT,Uttarakhand,UT_Uttarakhand,Pithoragarh,10647,303,10162,182,0,0.0,0.0,0.0,0.0,0.0,2022-01-16 11:55:21.722648
612,UT,Uttarakhand,UT_Uttarakhand,Rudraprayag,8940,108,8726,106,0,0.0,0.0,0.0,0.0,0.0,2022-01-16 11:55:21.722648
613,UT,Uttarakhand,UT_Uttarakhand,Tehri Garhwal,16215,251,15854,110,0,0.0,0.0,0.0,0.0,0.0,2022-01-16 11:55:21.722648
614,UT,Uttarakhand,UT_Uttarakhand,Udham Singh Nagar,39815,1091,37963,761,0,0.0,0.0,0.0,0.0,0.0,2022-01-16 11:55:21.722648
615,UT,Uttarakhand,UT_Uttarakhand,Unknown,3848,2543,1303,2,0,0.0,0.0,0.0,0.0,0.0,2022-01-16 11:55:21.722648
616,UT,Uttarakhand,UT_Uttarakhand,Uttarkashi,12743,82,12587,74,0,0.0,0.0,0.0,0.0,0.0,2022-01-16 11:55:21.722648
617,UP,Uttar Pradesh,UP_Uttar Pradesh,Agra,0.0,0,0.0,0.0,0,0.0,0.0,0.0,0.0,0.0,2022-01-16 11:55:21.722648
618,UP,Uttar Pradesh,UP_Uttar Pradesh,Aligarh,0.0,0,0.0,0.0,0,0.0,0.0,0.0,0.0,0.0,2022-01-16 11:55:21.722648
619,UP,Uttar Pradesh,UP_Uttar Pradesh,Ambedkar Nagar,0.0,0,0.0,0.0,0,0.0,0.0,0.0,0.0,0.0,2022-01-16 11:55:21.722648
620,UP,Uttar Pradesh,UP_Uttar Pradesh,Amethi,0.0,0,0.0,0.0,0,0.0,0.0,0.0,0.0,0.0,2022-01-16 11:55:21.722648
621,UP,Uttar Pradesh,UP_Uttar Pradesh,Amroha,0.0,0,0.0,0.0,0,0.0,0.0,0.0,0.0,0.0,2022-01-16 11:55:21.722648
622,UP,Uttar Pradesh,UP_Uttar Pradesh,Auraiya,0.0,0,0.0,0.0,0,0.0,0.0,0.0,0.0,0.0,2022-01-16 11:55:21.722648
623,UP,Uttar Pradesh,UP_Uttar Pradesh,Ayodhya,0.0,0,0.0,0.0,0,0.0,0.0,0.0,0.0,0.0,2022-01-16 11:55:21.722648
624,UP,Uttar Pradesh,UP_Uttar Pradesh,Azamgarh,0.0,0,0.0,0.0,0,0.0,0.0,0.0,0.0,0.0,2022-01-16 11:55:21.722648
625,UP,Uttar Pradesh,UP_Uttar Pradesh,Baghpat,0.0,0,0.0,0.0,0,0.0,0.0,0.0,0.0,0.0,2022-01-16 11:55:21.722648
626,UP,Uttar Pradesh,UP_Uttar Pradesh,Bahraich,0.0,0,0.0,0.0,0,0.0,0.0,0.0,0.0,0.0,2022-01-16 11:55:21.722648
627,UP,Uttar Pradesh,UP_Uttar Pradesh,Ballia,0.0,0,0.0,0.0,0,0.0,0.0,0.0,0.0,0.0,2022-01-16 11:55:21.722648
628,UP,Uttar Pradesh,UP_Uttar Pradesh,Balrampur,0.0,0,0.0,0.0,0,0.0,0.0,0.0,0.0,0.0,2022-01-16 11:55:21.722648
629,UP,Uttar Pradesh,UP_Uttar Pradesh,Banda,0.0,0,0.0,0.0,0,0.0,0.0,0.0,0.0,0.0,2022-01-16 11:55:21.722648
630,UP,Uttar Pradesh,UP_Uttar Pradesh,Barabanki,0.0,0,0.0,0.0,0,0.0,0.0,0.0,0.0,0.0,2022-01-16 11:55:21.722648
631,UP,Uttar Pradesh,UP_Uttar Pradesh,Bareilly,0.0,0,0.0,0.0,0,0.0,0.0,0.0,0.0,0.0,2022-01-16 11:55:21.722648
632,UP,Uttar Pradesh,UP_Uttar Pradesh,Basti,0.0,0,0.0,0.0,0,0.0,0.0,0.0,0.0,0.0,2022-01-16 11:55:21.722648
633,UP,Uttar Pradesh,UP_Uttar Pradesh,Bhadohi,0.0,0,0.0,0.0,0,0.0,0.0,0.0,0.0,0.0,2022-01-16 11:55:21.722648
634,UP,Uttar Pradesh,UP_Uttar Pradesh,Bijnor,0.0,0,0.0,0.0,0,0.0,0.0,0.0,0.0,0.0,2022-01-16 11:55:21.722648
635,UP,Uttar Pradesh,UP_Uttar Pradesh,Budaun,0.0,0,0.0,0.0,0,0.0,0.0,0.0,0.0,0.0,2022-01-16 11:55:21.722648
636,UP,Uttar Pradesh,UP_Uttar Pradesh,Bulandshahr,0.0,0,0.0,0.0,0,0.0,0.0,0.0,0.0,0.0,2022-01-16 11:55:21.722648
637,UP,Uttar Pradesh,UP_Uttar Pradesh,Chandauli,0.0,0,0.0,0.0,0,0.0,0.0,0.0,0.0,0.0,2022-01-16 11:55:21.722648
638,UP,Uttar Pradesh,UP_Uttar Pradesh,Chitrakoot,0.0,0,0.0,0.0,0,0.0,0.0,0.0,0.0,0.0,2022-01-16 11:55:21.722648
639,UP,Uttar Pradesh,UP_Uttar Pradesh,Deoria,0.0,0,0.0,0.0,0,0.0,0.0,0.0,0.0,0.0,2022-01-16 11:55:21.722648
640,UP,Uttar Pradesh,UP_Uttar Pradesh,Etah,0.0,0,0.0,0.0,0,0.0,0.0,0.0,0.0,0.0,2022-01-16 11:55:21.722648
641,UP,Uttar Pradesh,UP_Uttar Pradesh,Etawah,0.0,0,0.0,0.0,0,0.0,0.0,0.0,0.0,0.0,2022-01-16 11:55:21.722648
642,UP,Uttar Pradesh,UP_Uttar Pradesh,Farrukhabad,0.0,0,0.0,0.0,0,0.0,0.0,0.0,0.0,0.0,2022-01-16 11:55:21.722648
643,UP,Uttar Pradesh,UP_Uttar Pradesh,Fatehpur,0.0,0,0.0,0.0,0,0.0,0.0,0.0,0.0,0.0,2022-01-16 11:55:21.722648
644,UP,Uttar Pradesh,UP_Uttar Pradesh,Firozabad,0.0,0,0.0,0.0,0,0.0,0.0,0.0,0.0,0.0,2022-01-16 11:55:21.722648
645,UP,Uttar Pradesh,UP_Uttar Pradesh,Gautam Buddha Nagar,0.0,0,0.0,0.0,0,0.0,0.0,0.0,0.0,0.0,2022-01-16 11:55:21.722648
646,UP,Uttar Pradesh,UP_Uttar Pradesh,Ghaziabad,0.0,0,0.0,0.0,0,0.0,0.0,0.0,0.0,0.0,2022-01-16 11:55:21.722648
647,UP,Uttar Pradesh,UP_Uttar Pradesh,Ghazipur,0.0,0,0.0,0.0,0,0.0,0.0,0.0,0.0,0.0,2022-01-16 11:55:21.722648
648,UP,Uttar Pradesh,UP_Uttar Pradesh,Gonda,0.0,0,0.0,0.0,0,0.0,0.0,0.0,0.0,0.0,2022-01-16 11:55:21.722648
649,UP,Uttar Pradesh,UP_Uttar Pradesh,Gorakhpur,0.0,0,0.0,0.0,0,0.0,0.0,0.0,0.0,0.0,2022-01-16 11:55:21.722648
650,UP,Uttar Pradesh,UP_Uttar Pradesh,Hamirpur,0.0,0,0.0,0.0,0,0.0,0.0,0.0,0.0,0.0,2022-01-16 11:55:21.722648
651,UP,Uttar Pradesh,UP_Uttar Pradesh,Hapur,0.0,0,0.0,0.0,0,0.0,0.0,0.0,0.0,0.0,2022-01-16 11:55:21.722648
652,UP,Uttar Pradesh,UP_Uttar Pradesh,Hardoi,0.0,0,0.0,0.0,0,0.0,0.0,0.0,0.0,0.0,2022-01-16 11:55:21.722648
653,UP,Uttar Pradesh,UP_Uttar Pradesh,Hathras,0.0,0,0.0,0.0,0,0.0,0.0,0.0,0.0,0.0,2022-01-16 11:55:21.722648
654,UP,Uttar Pradesh,UP_Uttar Pradesh,Jalaun,0.0,0,0.0,0.0,0,0.0,0.0,0.0,0.0,0.0,2022-01-16 11:55:21.722648
655,UP,Uttar Pradesh,UP_Uttar Pradesh,Jaunpur,0.0,0,0.0,0.0,0,0.0,0.0,0.0,0.0,0.0,2022-01-16 11:55:21.722648
656,UP,Uttar Pradesh,UP_Uttar Pradesh,Jhansi,0.0,0,0.0,0.0,0,0.0,0.0,0.0,0.0,0.0,2022-01-16 11:55:21.722648
657,UP,Uttar Pradesh,UP_Uttar Pradesh,Kannauj,0.0,0,0.0,0.0,0,0.0,0.0,0.0,0.0,0.0,2022-01-16 11:55:21.722648
658,UP,Uttar Pradesh,UP_Uttar Pradesh,Kanpur Dehat,0.0,0,0.0,0.0,0,0.0,0.0,0.0,0.0,0.0,2022-01-16 11:55:21.722648
659,UP,Uttar Pradesh,UP_Uttar Pradesh,Kanpur Nagar,0.0,0,0.0,0.0,0,0.0,0.0,0.0,0.0,0.0,2022-01-16 11:55:21.722648
660,UP,Uttar Pradesh,UP_Uttar Pradesh,Kasganj,0.0,0,0.0,0.0,0,0.0,0.0,0.0,0.0,0.0,2022-01-16 11:55:21.722648
661,UP,Uttar Pradesh,UP_Uttar Pradesh,Kaushambi,0.0,0,0.0,0.0,0,0.0,0.0,0.0,0.0,0.0,2022-01-16 11:55:21.722648
662,UP,Uttar Pradesh,UP_Uttar Pradesh,Kushinagar,0.0,0,0.0,0.0,0,0.0,0.0,0.0,0.0,0.0,2022-01-16 11:55:21.722648
663,UP,Uttar Pradesh,UP_Uttar Pradesh,Lakhimpur Kheri,0.0,0,0.0,0.0,0,0.0,0.0,0.0,0.0,0.0,2022-01-16 11:55:21.722648
664,UP,Uttar Pradesh,UP_Uttar Pradesh,Lalitpur,0.0,0,0.0,0.0,0,0.0,0.0,0.0,0.0,0.0,2022-01-16 11:55:21.722648
665,UP,Uttar Pradesh,UP_Uttar Pradesh,Lucknow,0.0,0,0.0,0.0,0,0.0,0.0,0.0,0.0,0.0,2022-01-16 11:55:21.722648
666,UP,Uttar Pradesh,UP_Uttar Pradesh,Maharajganj,0.0,0,0.0,0.0,0,0.0,0.0,0.0,0.0,0.0,2022-01-16 11:55:21.722648
667,UP,Uttar Pradesh,UP_Uttar Pradesh,Mahoba,0.0,0,0.0,0.0,0,0.0,0.0,0.0,0.0,0.0,2022-01-16 11:55:21.722648
668,UP,Uttar Pradesh,UP_Uttar Pradesh,Mainpuri,0.0,0,0.0,0.0,0,0.0,0.0,0.0,0.0,0.0,2022-01-16 11:55:21.722648
669,UP,Uttar Pradesh,UP_Uttar Pradesh,Mathura,0.0,0,0.0,0.0,0,0.0,0.0,0.0,0.0,0.0,2022-01-16 11:55:21.722648
670,UP,Uttar Pradesh,UP_Uttar Pradesh,Mau,0.0,0,0.0,0.0,0,0.0,0.0,0.0,0.0,0.0,2022-01-16 11:55:21.722648
671,UP,Uttar Pradesh,UP_Uttar Pradesh,Meerut,0.0,0,0.0,0.0,0,0.0,0.0,0.0,0.0,0.0,2022-01-16 11:55:21.722648
672,UP,Uttar Pradesh,UP_Uttar Pradesh,Mirzapur,0.0,0,0.0,0.0,0,0.0,0.0,0.0,0.0,0.0,2022-01-16 11:55:21.722648
673,UP,Uttar Pradesh,UP_Uttar Pradesh,Moradabad,0.0,0,0.0,0.0,0,0.0,0.0,0.0,0.0,0.0,2022-01-16 11:55:21.722648
674,UP,Uttar Pradesh,UP_Uttar Pradesh,Muzaffarnagar,0.0,0,0.0,0.0,0,0.0,0.0,0.0,0.0,0.0,2022-01-16 11:55:21.722648
675,UP,Uttar Pradesh,UP_Uttar Pradesh,Pilibhit,0.0,0,0.0,0.0,0,0.0,0.0,0.0,0.0,0.0,2022-01-16 11:55:21.722648
676,UP,Uttar Pradesh,UP_Uttar Pradesh,Pratapgarh,0.0,0,0.0,0.0,0,0.0,0.0,0.0,0.0,0.0,2022-01-16 11:55:21.722648
677,UP,Uttar Pradesh,UP_Uttar Pradesh,Prayagraj,0.0,0,0.0,0.0,0,0.0,0.0,0.0,0.0,0.0,2022-01-16 11:55:21.722648
678,UP,Uttar Pradesh,UP_Uttar Pradesh,Rae Bareli,0.0,0,0.0,0.0,0,0.0,0.0,0.0,0.0,0.0,2022-01-16 11:55:21.722648
679,UP,Uttar Pradesh,UP_Uttar Pradesh,Rampur,0.0,0,0.0,0.0,0,0.0,0.0,0.0,0.0,0.0,2022-01-16 11:55:21.722648
680,UP,Uttar Pradesh,UP_Uttar Pradesh,Saharanpur,0.0,0,0.0,0.0,0,0.0,0.0,0.0,0.0,0.0,2022-01-16 11:55:21.722648
681,UP,Uttar Pradesh,UP_Uttar Pradesh,Sambhal,0.0,0,0.0,0.0,0,0.0,0.0,0.0,0.0,0.0,2022-01-16 11:55:21.722648
682,UP,Uttar Pradesh,UP_Uttar Pradesh,Sant Kabir Nagar,0.0,0,0.0,0.0,0,0.0,0.0,0.0,0.0,0.0,2022-01-16 11:55:21.722648
683,UP,Uttar Pradesh,UP_Uttar Pradesh,Shahjahanpur,0.0,0,0.0,0.0,0,0.0,0.0,0.0,0.0,0.0,2022-01-16 11:55:21.722648
684,UP,Uttar Pradesh,UP_Uttar Pradesh,Shamli,0.0,0,0.0,0.0,0,0.0,0.0,0.0,0.0,0.0,2022-01-16 11:55:21.722648
685,UP,Uttar Pradesh,UP_Uttar Pradesh,Shrawasti,0.0,0,0.0,0.0,0,0.0,0.0,0.0,0.0,0.0,2022-01-16 11:55:21.722648
686,UP,Uttar Pradesh,UP_Uttar Pradesh,Siddharthnagar,0.0,0,0.0,0.0,0,0.0,0.0,0.0,0.0,0.0,2022-01-16 11:55:21.722648
687,UP,Uttar Pradesh,UP_Uttar Pradesh,Sitapur,0.0,0,0.0,0.0,0,0.0,0.0,0.0,0.0,0.0,2022-01-16 11:55:21.722648
688,UP,Uttar Pradesh,UP_Uttar Pradesh,Sonbhadra,0.0,0,0.0,0.0,0,0.0,0.0,0.0,0.0,0.0,2022-01-16 11:55:21.722648
689,UP,Uttar Pradesh,UP_Uttar Pradesh,Sultanpur,0.0,0,0.0,0.0,0,0.0,0.0,0.0,0.0,0.0,2022-01-16 11:55:21.722648
690,UP,Uttar Pradesh,UP_Uttar Pradesh,Unknown,1816974.0,95148,1698873.0,22953.0,0,15743.0,10708.0,5031.0,4.0,0.0,2022-01-16 11:55:21.722648
691,UP,Uttar Pradesh,UP_Uttar Pradesh,Unnao,0.0,0,0.0,0.0,0,0.0,0.0,0.0,0.0,0.0,2022-01-16 11:55:21.722648
692,UP,Uttar Pradesh,UP_Uttar Pradesh,Varanasi,0.0,0,0.0,0.0,0,0.0,0.0,0.0,0.0,0.0,2022-01-16 11:55:21.722648
693,WB,West Bengal,WB_West Bengal,Alipurduar,16398,479,15817,102,0,98,73,25,0,0.0,2022-01-15T23:56:18.999923+05:30
694,WB,West Bengal,WB_West Bengal,Bankura,40148,2233,37639,276,0,369,244,125,0,0.0,2022-01-15T23:56:18.999923+05:30
695,WB,West Bengal,WB_West Bengal,Birbhum,50530,5611,44615,304,0,800,477,322,1,0.0,2022-01-15T23:56:18.999923+05:30
696,WB,West Bengal,WB_West Bengal,Cooch Behar,30799,656,30043,100,0,137,101,35,1,0.0,2022-01-15T23:56:18.999923+05:30
697,WB,West Bengal,WB_West Bengal,Dakshin Dinajpur,20212,1138,18895,179,0,245,185,60,0,0.0,2022-01-15T23:56:18.999923+05:30
698,WB,West Bengal,WB_West Bengal,Darjeeling,62402,2837,59008,557,0,476,318,158,0,0.0,2022-01-15T23:56:18.999923+05:30
699,WB,West Bengal,WB_West Bengal,Hooghly,101964,8275,92631,1058,0,1072,586,483,3,0.0,2022-01-15T23:56:18.999923+05:30
700,WB,West Bengal,WB_West Bengal,Howrah,119779,10556,107645,1578,0,1003,361,640,2,0.0,2022-01-15T23:56:18.999923+05:30
701,WB,West Bengal,WB_West Bengal,Jalpaiguri,44732,1428,42707,597,0,319,245,74,0,0.0,2022-01-15T23:56:18.999923+05:30
702,WB,West Bengal,WB_West Bengal,Jhargram,13981,1166,12788,27,0,190,125,65,0,0.0,2022-01-15T23:56:18.999923+05:30
703,WB,West Bengal,WB_West Bengal,Kalimpong,7508,253,7200,55,0,43,29,14,0,0.0,2022-01-15T23:56:18.999923+05:30
704,WB,West Bengal,WB_West Bengal,Kolkata,424838,50901,368536,5401,0,4831,1733,3086,12,0.0,2022-01-15T23:56:18.999923+05:30
705,WB,West Bengal,WB_West Bengal,Malda,39010,3677,35143,190,0,753,557,196,0,0.0,2022-01-15T23:56:18.999923+05:30
706,WB,West Bengal,WB_West Bengal,Murshidabad,38450,2939,35179,332,0,446,279,167,0,0.0,2022-01-15T23:56:18.999923+05:30
707,WB,West Bengal,WB_West Bengal,Nadia,81383,4405,76072,906,0,739,493,246,0,0.0,2022-01-15T23:56:18.999923+05:30
708,WB,West Bengal,WB_West Bengal,North 24 Parganas,382659,29512,348056,5091,0,3496,1743,1743,10,0.0,2022-01-15T23:56:18.999923+05:30
709,WB,West Bengal,WB_West Bengal,Other State,66,0,63,3,0,0,0,0,0,0.0,2022-01-15T23:56:18.999923+05:30
710,WB,West Bengal,WB_West Bengal,Paschim Bardhaman,71123,7499,63248,376,0,857,409,445,3,0.0,2022-01-15T23:56:18.999923+05:30
711,WB,West Bengal,WB_West Bengal,Paschim Medinipur,58914,3072,55328,514,0,458,283,175,0,0.0,2022-01-15T23:56:18.999923+05:30
712,WB,West Bengal,WB_West Bengal,Purba Bardhaman,49839,4923,44702,214,0,763,483,279,1,0.0,2022-01-15T23:56:18.999923+05:30
713,WB,West Bengal,WB_West Bengal,Purba Medinipur,65827,1516,63905,406,0,215,128,87,0,0.0,2022-01-15T23:56:18.999923+05:30
714,WB,West Bengal,WB_West Bengal,Purulia,22165,1757,20292,116,0,198,91,105,2,0.0,2022-01-15T23:56:18.999923+05:30
715,WB,West Bengal,WB_West Bengal,South 24 Parganas,118010,9183,107404,1423,0,1282,751,529,2,0.0,2022-01-15T23:56:18.999923+05:30
716,WB,West Bengal,WB_West Bengal,Uttar Dinajpur,22024,1360,20417,247,0,274,199,73,2,0.0,2022-01-15T23:56:18.999923+05:30
717,AN,Andaman and Nicobar Islands,AN_Andaman and Nicobar Islands,Nicobars,0.0,0,0.0,0.0,0,0.0,0.0,0.0,0.0,0.0,2022-01-16 11:55:21.722648
718,AN,Andaman and Nicobar Islands,AN_Andaman and Nicobar Islands,North and Middle Andaman,0.0,0,0.0,0.0,0,0.0,0.0,0.0,0.0,0.0,2022-01-16 11:55:21.722648
719,AN,Andaman and Nicobar Islands,AN_Andaman and Nicobar Islands,South Andaman,0.0,0,0.0,0.0,0,0.0,0.0,0.0,0.0,0.0,2022-01-16 11:55:21.722648
720,AN,Andaman and Nicobar Islands,AN_Andaman and Nicobar Islands,Unknown,8581.0,463,7989.0,129.0,0,43.0,-8.0,51.0,0.0,0.0,2022-01-16 11:55:21.722648
721,CH,Chandigarh,CH_Chandigarh,Chandigarh,0.0,0,0.0,0.0,0,0.0,0.0,0.0,0.0,0.0,2022-01-16 11:55:21.722648
722,CH,Chandigarh,CH_Chandigarh,Unknown,76270.0,8511,66673.0,1086.0,0,1795.0,1254.0,541.0,0.0,0.0,2022-01-16 11:55:21.722648
723,DN,Dadra and Nagar Haveli and Daman and Diu,DN_Dadra and Nagar Haveli and Daman and Diu,Dadra and Nagar Haveli,0.0,0,0.0,0.0,0,0.0,0.0,0.0,0.0,0.0,2022-01-16 11:55:21.722648
724,DN,Dadra and Nagar Haveli and Daman and Diu,DN_Dadra and Nagar Haveli and Daman and Diu,Daman,0.0,0,0.0,0.0,0,0.0,0.0,0.0,0.0,0.0,2022-01-16 11:55:21.722648
725,DN,Dadra and Nagar Haveli and Daman and Diu,DN_Dadra and Nagar Haveli and Daman and Diu,Diu,0.0,0,0.0,0.0,0,0.0,0.0,0.0,0.0,0.0,2022-01-16 11:55:21.722648
726,DN,Dadra and Nagar Haveli and Daman and Diu,DN_Dadra and Nagar Haveli and Daman and Diu,Other State,0.0,0,0.0,0.0,0,0.0,0.0,0.0,0.0,0.0,2022-01-16 11:55:21.722648
727,DN,Dadra and Nagar Haveli and Daman and Diu,DN_Dadra and Nagar Haveli and Daman and Diu,Unknown,10950.0,198,10748.0,4.0,0,39.0,22.0,17.0,0.0,0.0,2022-01-16 11:55:21.722648
728,DL,Delhi,DL_Delhi,Central Delhi,0.0,0,0.0,0.0,0,0.0,0.0,0.0,0.0,0.0,2022-01-16 11:55:21.722648
729,DL,Delhi,DL_Delhi,East Delhi,0.0,0,0.0,0.0,0,0.0,0.0,0.0,0.0,0.0,2022-01-16 11:55:21.722648
730,DL,Delhi,DL_Delhi,New Delhi,0.0,0,0.0,0.0,0,0.0,0.0,0.0,0.0,0.0,2022-01-16 11:55:21.722648
731,DL,Delhi,DL_Delhi,North Delhi,0.0,0,0.0,0.0,0,0.0,0.0,0.0,0.0,0.0,2022-01-16 11:55:21.722648
732,DL,Delhi,DL_Delhi,North East Delhi,0.0,0,0.0,0.0,0,0.0,0.0,0.0,0.0,0.0,2022-01-16 11:55:21.722648
733,DL,Delhi,DL_Delhi,North West Delhi,0.0,0,0.0,0.0,0,0.0,0.0,0.0,0.0,0.0,2022-01-16 11:55:21.722648
734,DL,Delhi,DL_Delhi,Shahdara,0.0,0,0.0,0.0,0,0.0,0.0,0.0,0.0,0.0,2022-01-16 11:55:21.722648
735,DL,Delhi,DL_Delhi,South Delhi,0.0,0,0.0,0.0,0,0.0,0.0,0.0,0.0,0.0,2022-01-16 11:55:21.722648
736,DL,Delhi,DL_Delhi,South East Delhi,0.0,0,0.0,0.0,0,0.0,0.0,0.0,0.0,0.0,2022-01-16 11:55:21.722648
737,DL,Delhi,DL_Delhi,South West Delhi,0.0,0,0.0,0.0,0,0.0,0.0,0.0,0.0,0.0,2022-01-16 11:55:21.722648
738,DL,Delhi,DL_Delhi,Unknown,1691684.0,93407,1572942.0,25335.0,0,20718.0,1134.0,19554.0,30.0,0.0,2022-01-16 11:55:21.722648
739,DL,Delhi,DL_Delhi,West Delhi,0.0,0,0.0,0.0,0,0.0,0.0,0.0,0.0,0.0,2022-01-16 11:55:21.722648
740,JK,Jammu and Kashmir,JK_Jammu and Kashmir,Anantnag,17206,433,16563,210,0,228,227,0,1,0.0,2022-01-15 23:56:35.211843
741,JK,Jammu and Kashmir,JK_Jammu and Kashmir,Bandipora,10543,336,10096,111,0,117,117,0,0,0.0,2022-01-15 23:56:35.211844
742,JK,Jammu and Kashmir,JK_Jammu and Kashmir,Baramulla,27849,1805,25752,292,0,471,458,13,0,0.0,2022-01-15 23:56:35.211837
743,JK,Jammu and Kashmir,JK_Jammu and Kashmir,Budgam,25623,933,24469,221,0,416,374,41,1,0.0,2022-01-15 23:56:35.211839
744,JK,Jammu and Kashmir,JK_Jammu and Kashmir,Doda,8213,133,7942,138,0,24,22,2,0,0.0,2022-01-15 23:56:35.211857
745,JK,Jammu and Kashmir,JK_Jammu and Kashmir,Ganderbal,11126,94,10950,82,0,21,16,5,0,0.0,2022-01-15 23:56:35.211845
746,JK,Jammu and Kashmir,JK_Jammu and Kashmir,Jammu,58013,3464,53382,1167,0,685,566,118,1,0.0,2022-01-15 23:56:35.211852
747,JK,Jammu and Kashmir,JK_Jammu and Kashmir,Kathua,9844,371,9318,155,0,59,33,25,1,0.0,2022-01-15 23:56:35.211858
748,JK,Jammu and Kashmir,JK_Jammu and Kashmir,Kishtwar,4977,90,4843,44,0,29,13,16,0,0.0,2022-01-15 23:56:35.211860
749,JK,Jammu and Kashmir,JK_Jammu and Kashmir,Kulgam,11848,265,11465,118,0,37,33,4,0,0.0,2022-01-15 23:56:35.211849
750,JK,Jammu and Kashmir,JK_Jammu and Kashmir,Kupwara,15403,353,14880,170,0,137,114,23,0,0.0,2022-01-15 23:56:35.211842
751,JK,Jammu and Kashmir,JK_Jammu and Kashmir,Pulwama,15944,165,15584,195,0,67,60,7,0,0.0,2022-01-15 23:56:35.211840
752,JK,Jammu and Kashmir,JK_Jammu and Kashmir,Punch,6883,236,6545,102,0,35,35,0,0,0.0,2022-01-15 23:56:35.211862
753,JK,Jammu and Kashmir,JK_Jammu and Kashmir,Rajouri,11636,221,11175,240,0,34,21,13,0,0.0,2022-01-15 23:56:35.211855
754,JK,Jammu and Kashmir,JK_Jammu and Kashmir,Ramban,6155,31,6057,67,0,3,-7,10,0,0.0,2022-01-15 23:56:35.211863
755,JK,Jammu and Kashmir,JK_Jammu and Kashmir,Reasi,7712,420,7248,44,0,42,16,26,0,0.0,2022-01-15 23:56:35.211865
756,JK,Jammu and Kashmir,JK_Jammu and Kashmir,Samba,7438,225,7093,120,0,93,72,21,0,0.0,2022-01-15 23:56:35.211859
757,JK,Jammu and Kashmir,JK_Jammu and Kashmir,Shopiyan,5638,18,5561,59,0,4,4,0,0,0.0,2022-01-15 23:56:35.211851
758,JK,Jammu and Kashmir,JK_Jammu and Kashmir,Srinagar,81781,2768,78128,885,0,624,566,58,0,0.0,2022-01-15 23:56:35.211819
759,JK,Jammu and Kashmir,JK_Jammu and Kashmir,Udhampur,12042,499,11402,141,0,125,117,8,0,0.0,2022-01-15 23:56:35.211853
760,LA,Ladakh,LA_Ladakh,Kargil,0.0,0,0.0,0.0,0,0.0,0.0,0.0,0.0,0.0,2022-01-16 11:55:21.722648
761,LA,Ladakh,LA_Ladakh,Leh,0.0,0,0.0,0.0,0,0.0,0.0,0.0,0.0,0.0,2022-01-16 11:55:21.722648
762,LA,Ladakh,LA_Ladakh,Unknown,130.0,72,58.0,0.0,0,0.0,0.0,0.0,0.0,0.0,2022-01-16 11:55:21.722648
763,LD,Lakshadweep,LD_Lakshadweep,Lakshadweep,0.0,0,0.0,0.0,0,0.0,0.0,0.0,0.0,0.0,2022-01-16 11:55:21.722648
764,LD,Lakshadweep,LD_Lakshadweep,Unknown,10480.0,60,10369.0,51.0,0,23.0,23.0,0.0,0.0,0.0,2022-01-16 11:55:21.722648
765,PY,Puducherry,PY_Puducherry,Karaikal,17594,680,16662,252,0,93,65,28,0,0.0,2022-01-15 22:55:31
766,PY,Puducherry,PY_Puducherry,Mahe,6286,107,6125,54,0,17,9,6,2,0.0,2022-01-15 22:55:31
767,PY,Puducherry,PY_Puducherry,Puducherry,105781,5962,98348,1471,0,1100,1050,50,0,0.0,2022-01-15 22:55:31
768,PY,Puducherry,PY_Puducherry,Yanam,6889,36,6744,109,0,3,3,0,0,0.0,2022-01-15 22:55:31
